Page Name,Page category ,Link,Content,Post Created,Likes,Comments,Shares,Love,Wow,Haha,Sad,Angry,Care,Total Non-Like,Love,Wow,Haha,Sad,Angry,Care,Positive,Neg2,Neg,Type,Total Interactions,Overperforming Score,Message
Kementerian Pendidikan dan Kebudayaan RI,Official Page,https://www.facebook.com/Official Page/posts/2985926908183396,"Pembelajaran tatap muka untuk, zona hijau",2020-07-17 23:30:06 EDT,8.05E+02,1.41E+02,7.50E+01,1.70E+01,3.00E+00,2.00E+00,2.00E+00,7.00E+00,1.00E+00,3.20E+01,5.30E-01,9.00E-02,6.00E-02,6.00E-02,2.20E-01,3.00E-02,5.60E-01,2.80E-01,4.40E-01,Photo,3.00E+01,1.71E+00,"#SahabatDikbud, Kementerian Pendidikan dan Kebudayaan kembali meluncurkan Program Mengajar dari Rumah, suatu gerakan sukarela (voluntary) yang diikuti mahasiswa seluruh Indonesia untuk meringankan beban orangtua dan guru dengan cara mengajar peserta didik jenjang PAUD/TK, SD/MI, dan SMP/MTs di lingkungan masing-masing. Program tersebut diluncurkan secara virtual oleh Menteri Pendidikan dan Kebudayaan (Mendikbud), Nadiem Anwar Makarim, pada Jumat (16/10). Dari 3803 pendaftar, telah dipilih 750 relawan muda yang akan bertugas pada Program Mengajar dari Rumah Angkatan Kedua, yang akan berlangsung pada 18 Oktober s.d. 17 November 2020.Sebelumnya, Mendikbud telah melepas para relawan angkatan pertama yang telah menyelesaikan tugasnya pada periode 17 Agustus s.d. 16 September 2020 lalu. Baca selengkapnya di https://www.kemdikbud.go.id/main/blog/2020/10/bantu-guru-dan-orang-tua-kemendikbud-kembali-terjunkan-mahasiswa-untuk-mengajar-dari-rumah #bersamahadapikorona #belajardarirumah #berprestasidarirumah"
Kementerian Pendidikan dan Kebudayaan RI,Official Page,https://www.facebook.com/Official Page/posts/3161871950588890,Kouta internet gratis,2020-09-11 23:30:57 EDT,3.19E+02,1.08E+02,5.10E+01,4.00E+00,1.00E+00,1.00E+00,1.00E+00,0.00E+00,1.00E+00,8.00E+00,5.00E-01,1.30E-01,1.30E-01,1.30E-01,0.00E+00,1.30E-01,6.30E-01,1.30E-01,3.80E-01,Link,9.55E+02,4.46E+00,"#SahabatDikbud, Kementerian Pendidikan dan Kebudayaan (Kemendikbud) telah meluncurkan Merdeka Belajar Episode Kelima: Guru Penggerak pada Juli 2020. Sebanyak 147 orang dari 785 fasilitator/instruktur, 614 orang dari 45575 pendamping, serta 2800 orang dari 19218 guru; telah lulus seleksi Program Guru Penggerak (PGP) Angkatan I. Untuk menyatukan pemahaman, visi dan misi pendidikan, memotivasi, dan menguatkan para peserta, Direktorat Jenderal Guru dan Tenaga Kependidikan (Ditjen GTK), Kemendikbud menyelenggarakan Program Pendidikan Guru Penggerak (PPGP). Menteri Pendidikan dan Kebudayaan (Mendikbud), Nadiem Anwar Makarim memberi apresiasi kepada calon guru penggerak, pendamping, fasilitator dan instruktur yang telah lulus seleksi PGP. â€œSelamat sudah berjuang mengambil peran menuju transformasi pendidikan Indonesia, yaitu transformasi pendidikan untuk pembelajaran yang berpihak pada murid dan pembelajaran yang memerdekakan,â€ ucap Mendikbud saat membuka secara resmi PPGP melalui video virtual di Jakarta, Kamis (15/10/2020). Baca selengkapnya di https://www.kemdikbud.go.id/main/blog/2020/10/kemendikbud-selenggarakan-program-pendidikan-bagi-calon-guru-penggerak #gurupenggerak #merdekabelajar #bersamahadapikorona"
Kementerian Pendidikan dan Kebudayaan RI,Official Page,https://www.facebook.com/Official Page/posts/3268037139972370,Kouta internet gratis,2020-10-16 09:52:14 EDT,2.23E+02,9.50E+01,1.50E+01,5.00E+00,0.00E+00,3.00E+00,0.00E+00,0.00E+00,1.00E+00,9.00E+00,5.60E-01,0.00E+00,3.30E-01,0.00E+00,0.00E+00,1.10E-01,6.70E-01,3.30E-01,3.30E-01,Photo,1.11E+03,5.20E+00,"#SahabatDikbud, tekad bulat untuk mencapai Indonesia Maju 2045 tidak surut apa pun halangannya. Tahun pertama periode pemerintahan ini menjadi bagian menuju Indonesia 1 abad. Mau tidak mau, Indonesia harus membajak krisis sebagai sebuah momentum untuk melompat maju. Pandemi Covid-19turut mempengaruhi berbagai rencana & program. Presiden tidak pernah mengabaikan janjinya. Meski lanjut pertumbuhan ekonomi sempat tersendat, tapi Presiden tetap memegang visi mewujudkan 5 arahan strategis menuju masyarakat Indonesia yang mandiri, maju, adil, dan makmur. #6tahunJokowi #1TahunJokowiAmin #BangkitUntuklndonesiaMaju"
Kementerian Pendidikan dan Kebudayaan RI,Official Page,https://www.facebook.com/Official Page/posts/3224998034276281,Pagelaran Festival dan Lomba Seni Siswa Nasional (FLS2N) daring,2020-10-03 05:30:50 EDT,1.07E+02,6.00E+00,3.00E+00,2.00E+00,0.00E+00,0.00E+00,1.00E+00,0.00E+00,0.00E+00,3.00E+00,6.70E-01,0.00E+00,0.00E+00,3.30E-01,0.00E+00,0.00E+00,6.70E-01,0.00E+00,3.30E-01,Link,7.03E+03,2.88E+01,[Pengumuman] Panduan Pembelajaran Program Belajar dari Rumah di TVRI Minggu Kedua Puluh Delapan #SahabatDikbud dapat membaca selengkapnya di https://www.kemdikbud.go.id/main/blog/2020/10/panduan-pembelajaran-program-belajar-dari-rumah-di-tvri-minggu-kedua-puluh-delapan #MerdekaBelajar #BelajardariRumah #BersamaHadapiKorona
Kementerian Pendidikan dan Kebudayaan RI,Official Page,https://www.facebook.com/Official Page/posts/3176191852490233,Kouta internet gratis,2020-09-16 02:30:01 EDT,7.33E+02,2.10E+02,1.52E+02,8.00E+00,0.00E+00,3.00E+00,1.00E+00,1.00E+00,2.00E+00,1.50E+01,5.30E-01,0.00E+00,2.00E-01,7.00E-02,7.00E-02,1.30E-01,6.70E-01,2.70E-01,3.30E-01,Photo,4.72E+03,1.64E+01,"Halo, #InsanDikti Sudahkah mendengar tentang Merdeka Belajar-Kampus Merdeka (MBKM)? Adakah yang mengetahui program seperti apa saja yang ditawarkan oleh Kampus Merdeka bagi mahasiswa? Mari simak 8 bentuk kegiatan pembelajaran dalam Kampus Merdeka melalui informasi di atas! #DitjenDikti #Kemendikbud #PendidikanTinggi #KampusMerdekaIndonesiaJaya #DiktiSIGAPMelayani"
Kementerian Pendidikan dan Kebudayaan RI,Official Page,https://www.facebook.com/Official Page/posts/3369536416489108,Rencana Seleksi Guru Pegawai Pemerintah dengan Perjanjian Kerja (PPPK) Tahun 2021,2020-11-23 07:00:41 EST,1.52E+03,2.25E+02,1.50E+03,5.70E+01,2.20E+01,4.00E+00,1.00E+00,2.00E+00,4.00E+00,9.00E+01,6.30E-01,2.40E-01,4.00E-02,1.00E-02,2.00E-02,4.00E-02,6.80E-01,7.00E-02,3.20E-01,Photo,1.68E+03,7.17E+00,"#SahabatDikbud, Menteri Pendidikan dan Kebudayaan (Mendikbud) Nadiem Anwar Makarim bersama Menteri Dalam Negeri Muhammad Tito Karnavian melakukan rapat koordinasi (rakor) dengan seluruh kepala daerah untuk memastikan kebijakan pembelajaran di masa Pandemi COVID-19 terlaksana dengan baik di daerah. â€œPrinsip kebijakan pendidikan di masa Pandemi COVID-19 adalah mengutamakan kesehatan dan keselamatan peserta didik, pendidik, tenaga kependidikan, keluarga, dan masyarakat secara umum, serta mempertimbangkan tumbuh kembang peserta didik dan kondisi psikososial dalam upaya pemenuhan layanan pendidikan selama pandemi COVID-19,â€ jelas Mendikbud dalam rapat koordinasi (rakor) bersama Kepala Daerah seluruh Indonesia tentang Kebijakan Pembelajaran di Masa Pandemi COVID-19, secara daring, Rabu (02/09). Baca selengkapnya di https://www.kemdikbud.go.id/main/blog/2020/09/mendikbud-dan-mendagri-gelar-rakor-dengan-kepala-daerah-bahas-pembelajaran-di-masa-pandemi #berprestasidarirumah #merdekabelajar #belajardarirumah #bersamahadapikorona"
Kementerian Pendidikan dan Kebudayaan RI,Official Page,https://www.facebook.com/Official Page/posts/3479060008870081,Kouta internet gratis,2021-01-06 05:21:18 EST,4.60E+02,1.07E+02,1.36E+02,6.00E+00,1.00E+00,1.00E+00,0.00E+00,1.00E+00,1.00E+00,1.00E+01,6.00E-01,1.00E-01,1.00E-01,0.00E+00,1.00E-01,1.00E-01,7.00E-01,2.00E-01,3.00E-01,Photo,6.44E+02,2.77E+00,"#SahabatDikbud, Kementerian Pendidikan dan Kebudayaan (Kemendikbud) menyampaikan bahwa nama â€œMerdeka Belajarâ€ dapat digunakan bersama selama untuk kepentingan dunia pendidikan dan sesuai dengan aturan yang berlaku. Hal ini diperkuat dengan kesiapan Sekolah Cikal menghibahkan hak atas merek dagang dan merek jasa â€œMerdeka Belajarâ€ kepada Kemendikbud. Menteri Pendidikan dan Kebudayaan (Mendikbud) Nadiem Anwar Makarim yang mengusung Merdeka Belajar sebagai payung besar misi kebijakan pendidikan menyampaikan apresiasinya kepada Sekolah Cikal dalam bincang media secara daring Jumat ini (14/08). â€œPendidikan adalah tanggung jawab kita bersama, sehingga kami mengucapkan terima kasih dan apresiasi setinggi-tingginya kepada Cikal yang selama bertahun-tahun telah menggerakkan merdeka belajar dengan semangat gotong royong ke komunitas guru belajar di Indonesia dan semangat kekeluargaan terkait penggunaan nama Merdeka Belajar ini,â€ ungkap Mendikbud. Baca selengkapnya di https://www.kemdikbud.go.id/main/blog/2020/08/merdeka-belajar-untuk-semangat-dan-inspirasi-peningkatan-pendidikan #MerdekaBelajar #BelajardariRumah #BersamaHadapiKorona"
Kementerian Pendidikan dan Kebudayaan RI,Official Page,https://www.facebook.com/Official Page/posts/3197425773700174,Kouta internet gratis,2020-09-22 23:30:38 EDT,5.18E+02,2.63E+02,1.32E+02,1.00E+01,2.00E+00,1.00E+00,0.00E+00,1.00E+00,0.00E+00,1.40E+01,7.10E-01,1.40E-01,7.00E-02,0.00E+00,7.00E-02,0.00E+00,7.10E-01,1.40E-01,2.90E-01,Photo,1.75E+02,-1.53E+00,"#SahabatDikbud, sebanyak 10,9 juta calon peserta didik Sekolah Dasar (SD), Sekolah Menengah Pertama (SMP), Sekolah Menengah Atas (SMA) dan Sekolah Menengah Kejuruan (SMK) diproyeksikan akan mengikuti program Penerimaan Peserta Didik Baru (PPDB) tahun 2020. Dalam masa darurat penyebaran pandemi Coronavirus Disease 2019 (Covid-19), Kementerian Pendidikan dan Kebudayaan (Kemendikbud) menetapkan PPDB tahun 2020 akan dilaksanakan secara dalam jaringan (daring) dan luar jaringan (luring). Untuk mekanismenya, Pemerintah Daerah dan sekolah dapat merujuk pada Surat Edaran Mendikbud Nomor 4 Tahun 2020, tentang Pelaksanaan Kebijakan Pendidikan dalam Masa Darurat Penyebaran Covid-19. â€œPPDB tetap dilakukan tetapi kita dorong secara daring. Kalau tidak bisa secara daring, maka bisa secara kehadiran,â€ jelas Staf Ahli Bidang Regulasi Pendidikan dan Kebudayaan Chatarina Muliana Girsang, pada acara Bincang Sore secara daring, di Jakarta, Kamis (28/05/2020). Baca selengkapnya di https://www.kemdikbud.go.id/main/blog/2020/05/cegah-penyebaran-covid19-kemendikbud-dorong-pemda-terapkan-ppdb-2020-secara-daring #MerdekaBelajar #BersamaHadapiKorona"
Kementerian Pendidikan dan Kebudayaan RI,Official Page,https://www.facebook.com/Official Page/posts/3553745038068244,UN 2021 ditiadakan,2021-02-03 21:45:01 EST,1.69E+03,1.34E+02,1.69E+03,3.80E+01,5.00E+00,7.00E+00,3.00E+00,1.00E+00,4.00E+00,5.80E+01,6.60E-01,9.00E-02,1.20E-01,5.00E-02,2.00E-02,7.00E-02,7.20E-01,1.40E-01,2.80E-01,Photo,3.53E+03,2.26E+01,"Penerimaan Peserta Didik Baru (PPDB) pada Pandemi Covid-19 #SahabatDikbud, pelaksanaan PPDB tahun 2020 dapat dilaksanakan secara daring dengan tetap memperhatikan protokol kesehatan dan Surat Edaran (SE) Mendikbud No.4 Tahun 2020 tentang Pelaksanan Kebijakan Pendidikan dalam Masa Darurat Penyebaran Covid-19. Pendaftaran PPDB dilaksanakan melalui empat jalur yaitu : 1. Zonasi minimal 50% 2. Afirmasi minimal 15% 3. Perpindahan Tugas Orang Tua/Wali maksimal 5% 4. Jalur Prestasi Akademik/Non-Akademik (sisa kuota 3 jalur di atas). (Sumber: Peraturan Mendikbud No. 44 Tahun 2019). Dengan sistem PPDB ini diharapkan dapat memperluas akses layanan pendidikan dan mempercepat pemerataan mutu pendidikan. #SahabatDikbud, peraturan lebih teknis/detail tentang PPDB dikeluarkan oleh pemerintah daerah, bukan Kemendikbud. Jika ada kendala atau pertanyaan, silakan hubungi dinas pendidikan di daerah masing-masing, ya. ğŸ‘ğŸ˜Š #MerdekaBelajar #PPDB2020 #BersamaHadapiCorona #SemuaBisaSekolah #UnggahUlang @dikdasmen_kemdikbud"
Kementerian Pendidikan dan Kebudayaan RI,Official Page,https://www.facebook.com/Official Page/posts/3508156569293758,Belajar di rumah(program rumah belajar),2021-01-17 19:00:52 EST,1.16E+02,1.00E+01,6.00E+00,3.00E+00,0.00E+00,1.00E+00,0.00E+00,0.00E+00,0.00E+00,4.00E+00,7.50E-01,0.00E+00,2.50E-01,0.00E+00,0.00E+00,0.00E+00,7.50E-01,2.50E-01,2.50E-01,Photo,1.58E+03,6.52E+00,"#SahabatDikbud, Kementerian Pendidikan dan Kebudayaan (Kemendikbud) mengapresiasi rilis hasil survei persepsi publik mengenai Program Bantuan Kuota Data Internet Tahun 2020 yang diselenggarakan oleh Lembaga Arus Survei Indonesia (ASI). Hasil survei menyatakan sebagian besar masyarakat menilai bahwa program bantuan internet gratis merupakan langkah tepat dalam menjawab urgensi di tengah pandemi COVID-19. ""Melegakan sekali mengetahui bahwa masyarakat menilai kebijakan ini merupakah langkah yang tepat dari Pemerintah serta membantu meringankan beban ekonomi yang dihadapi di masa pandemi,"" disampaikan Pelaksana tugas (Plt.) Kepala Pusat Data dan Teknologi Informasi (Pusdatin) Kemendikbud, Hasan Chabibie usai menyimak hasil survei yang disiarkan ASI, Jumat (16/10). Baca selengkapnya di https://www.kemdikbud.go.id/main/blog/2020/10/kebijakan-bantuan-kuota-data-internet-dinilai-tepat-dan-membantu #merdekabelajar #bersamahadapikorona"
Inspektorat Jenderal Kemendikbud,Official Page,https://www.facebook.com/Official Page/posts/2854247114661911,UN 2020 ditiadakan,2020-03-24 04:56:34 EDT,2.11E+02,2.90E+01,2.89E+02,6.00E+00,1.00E+00,0.00E+00,1.00E+00,0.00E+00,0.00E+00,8.00E+00,7.50E-01,1.30E-01,0.00E+00,1.30E-01,0.00E+00,0.00E+00,7.50E-01,0.00E+00,2.50E-01,Photo,7.13E+02,3.24E+00,"#SahabatDikbud, meski di tengah pandemi COVID-19, Kementerian Pendidikan dan Kebudayaan (Kemendikbud) pantang menyerah mencari bakat, minat, dan prestasi siswa di bidang seni melalui pagelaran Festival dan Lomba Seni Siswa Nasional (FLS2N). Melalui Pusat Prestasi Nasional (Puspresnas), FLSN tahun 2020 digelar secara dalam jaringan (daring) guna mencegah penyebaran COVID-19. Pelaksana tugas (Plt.) Puspresnas, Asep Sukmayadi mengatakan, melalui kegiatan ini para peserta didik dapat menggali budaya lokal melalui karya seni yang selanjutnya dapat diterima di tingkat global. ""Para siswa diharapkan dapat mencapai kompetensi tertinggi dalam suatu bidang pilihannya serta cakap dan terampil, sehingga kemudian dapat mengepakkan sayap untuk dikenal luas dan menjadi milik dunia,"" ujar Asep saat membuka FLS2N jenjang SMA dan SMK, di Bandung, pada Selasa (29/09/2020). Baca selengkapnya di https://www.kemdikbud.go.id/main/blog/2020/10/di-tengah-pandemi-kemendikbud-selenggarakan-fls2n-tingkat-smasmk-secara-daring"
Kementerian Pendidikan dan Kebudayaan RI,Official Page,https://www.facebook.com/Official Page/posts/3471824489593633,Belajar di rumah(program rumah belajar),2021-01-03 09:35:00 EST,6.79E+02,8.20E+01,5.10E+02,9.00E+00,0.00E+00,2.00E+00,1.00E+00,0.00E+00,1.00E+00,1.30E+01,6.90E-01,0.00E+00,1.50E-01,8.00E-02,0.00E+00,8.00E-02,7.70E-01,1.50E-01,2.30E-01,Photo,4.00E+00,-5.75E+00,"Perkembangan Program Bantuan Kuota Mahasiswa dan Dosen pada Masa Pandemi Covid-19 Hallo #InsanDikti! Penasaran bagaimanaa kelanjutan bantuan kuota bagi mahasiswa dan dosen di masa pandemi Covid-19? Yuk simak bersama pemaparannya! Pada gelombang pertama, Ditjen Dikti dan perusahaan provider telah menerima sebanyak 95.658 nomor ponsel dosen dan 862.685 nomor ponsel makasiswa yang penyalurannya akan dilakukan secara bertahap. Tahap pertama akan dilaksanakan selama tiga hari yakni mulai 22 sampai 24 September 2020 dan untuk tahap kedua akan dilaksanakan mulai dari tanggal 28 sampai 30 September 2020. Wah, adakah #InsanDikti yang sudah menerima bantuan kuota internet? Yuk komen di bawah! Dan jangan lupa untuk memanfaatkan bantuan kuota tersebut dengan bijak ya! #DitjenDikti #Kemdikbud #PendidikanTinggi #KampusMerdekaIndonesiaJaya #DiktiSigapMelayani"
Kementerian Pendidikan dan Kebudayaan RI,Official Page,https://www.facebook.com/Official Page/posts/2744524222323667,Belajar di rumah(program rumah belajar),2020-04-05 20:36:39 EDT,9.85E+02,5.60E+01,5.23E+02,1.40E+01,3.00E+00,1.00E+00,0.00E+00,0.00E+00,0.00E+00,1.80E+01,7.80E-01,1.70E-01,6.00E-02,0.00E+00,0.00E+00,0.00E+00,7.80E-01,6.00E-02,2.20E-01,Photo,1.79E+03,9.46E+00,"#SahabatItjen, akhir-akhir ini banyak yang menanyakan bagaimana kebijakan untuk pelaksanaan tugas akhir/skripsi pada Perguruan Tinggi, apakah sama seperti dengan UN? . . Berikut beberapa pelaksanaan kebijakan di Perguruan Tinggi pada masa pandemik Covid-19 sesuai surat dari Ditjen Dikti nomor 302/E.E2/KR/2020 tanggal 31 Maret 2020. . #PerguruanTinggi #Covid19 #MerdekaBelajar #KampusMerdeka"
Kementerian Pendidikan dan Kebudayaan RI,Official Page,https://www.facebook.com/Official Page/posts/3353699094739507,Bantuan subsidi tenaga kependidikan & Non-PNS,2020-11-17 21:00:00 EST,7.66E+02,2.09E+02,2.34E+02,1.20E+01,0.00E+00,2.00E+00,2.00E+00,0.00E+00,3.00E+00,1.90E+01,6.30E-01,0.00E+00,1.10E-01,1.10E-01,0.00E+00,1.60E-01,7.90E-01,1.10E-01,2.10E-01,Photo,1.89E+03,8.60E+00,"#SahabatDikbud, peningkatan sistem evaluasi pendidikan adalah bagian dari kebijakan Merdeka Belajar yang juga didukung penuh oleh Presiden Joko Widodo. Tujuan utamanya adalah mendorong perbaikan mutu pembelajaran dan hasil belajar peserta didik. Untuk itu, Kementerian Pendidikan dan Kebudayaan (Kemendikbud) mengundang para pemangku kepentingan untuk memberikan masukan terhadap rencana penerapan Asesmen Nasional pada 2021. Asesmen Nasional tidak hanya dirancang sebagai pengganti Ujian Nasional dan Ujian Sekolah Berstandar Nasional, tetapi juga sebagai penanda perubahan paradigma tentang evaluasi pendidikan. Menteri Pendidikan dan Kebudayaan (Mendikbud), Nadiem Anwar Makarim mengatakan perubahan mendasar pada Asesmen Nasional adalah tidak lagi mengevaluasi capaian peserta didik secara individu, akan tetapi mengevaluasi dan memetakan sistem pendidikan berupa input, proses, dan hasil. Baca selengkapnya di https://www.kemdikbud.go.id/main/blog/2020/10/asesmen-nasional-sebagai-penanda-perubahan-paradigma-evaluasi-pendidikan"
Kementerian Pendidikan dan Kebudayaan RI,Official Page,https://www.facebook.com/Official Page/posts/3201990793243672,Kouta internet gratis,2020-09-24 08:51:51 EDT,6.54E+02,1.09E+02,3.96E+02,9.00E+00,1.00E+00,0.00E+00,1.00E+00,1.00E+00,2.00E+00,1.40E+01,6.40E-01,7.00E-02,0.00E+00,7.00E-02,7.00E-02,1.40E-01,7.90E-01,7.00E-02,2.10E-01,Photo,2.64E+02,3.35E+00,"#SahabatDikbud, kebijakan Kementerian Pendidikan dan Kebudayaan (Kemendikbud) meluncurkan bantuan kuota data internet untuk mendukung pembelajaran dalam jaringan (daring) selama pandemi COVID-19 mendapat apresiasi dari berbagai lapisan masyarakat, termasuk netizen di media sosial. Kebijakan ini keluar setelah pemerintah mendengar keluhan baik dari siswa, guru, mahasiswa, dosen, maupun orang tua mengenai beratnya biaya pengadaan kuota internet selama masa pembelajaran jarak jauh (PJJ). Sebelumnya, bantuan kuota internet telah resmi diluncurkan oleh Menteri Pendidikan dan Kebudayaan (Mendikbud) Nadiem Anwar Makarim bersama Menteri Komunikasi dan Informatika (Menkominfo) Johnny G. Plate, Menteri Badan Usaha Milik Negara (BUMN) Erick Thohir, dan perwakilan direksi operator seluler nasional, yakni Telkomsel, Indosat Ooredoo, XL Axiata, AXIS, 3 (Tri), dan Smartfren, di Jakarta secara virtual pekan lalu (24/9). Baca selengkapnya di https://www.kemdikbud.go.id/main/blog/2020/10/netizen-apresiasi-bantuan-kuota-data-internet-dari-kemendikbud #merdekabelajar #bersamahadapikorona #belajardarirumah #berprestasidarirumah"
Kementerian Pendidikan dan Kebudayaan RI,Official Page,https://www.facebook.com/Official Page/posts/3057716851004401,"Pembelajaran tatap muka untuk, zona hijau",2020-08-07 22:33:05 EDT,5.92E+02,6.80E+01,3.71E+02,1.00E+01,1.00E+00,0.00E+00,1.00E+00,1.00E+00,1.00E+00,1.40E+01,7.10E-01,7.00E-02,0.00E+00,7.00E-02,7.00E-02,7.00E-02,7.90E-01,7.00E-02,2.10E-01,Photo,2.88E+02,1.16E+00,"Pada pekan ke-4 belajar dari rumah, Rumah Belajar @belajar.kemdikbud tetap setia mendampingi #SahabatDikbud di seluruh Indonesia. ğŸ¤— Simak materinya, ya! Pada pekan ini @belajar.kemdikbud akan ada sesi Kuis #KihajarSapaDRB juga,lho. #SahabatDikbud berkesempatan juga untuk mendapatkan hadiah berupa pulsa yang tentunya dapat kalian gunakan untuk belajar daring juga.ğŸ‘ğŸ˜Š Yuk, #SahabatDikbud simak jadwalnya dengan saksama!ğŸ˜Š #MerdekaBelajar #RumahBelajar #DiRumahSaja #DiRumahAja #CegahCovid19 #UnggahUlang @belajar.kemdikbud"
Kementerian Pendidikan dan Kebudayaan RI,Official Page,https://www.facebook.com/Official Page/posts/3545085915600823,Belajar di rumah(program rumah belajar),2021-02-01 00:25:00 EST,1.00E+02,1.00E+01,1.30E+01,4.00E+00,0.00E+00,1.00E+00,0.00E+00,0.00E+00,0.00E+00,5.00E+00,8.00E-01,0.00E+00,2.00E-01,0.00E+00,0.00E+00,0.00E+00,8.00E-01,2.00E-01,2.00E-01,Photo,3.41E+03,1.52E+01,"#SahabatDikbud, Menteri Pendidikan dan Kebudayaan (Mendikbud), Nadiem Anwar Makarim, kembali melakukan serangkaian kunjungan kerja guna memastikan program dan kebijakan yang diluncurkan Kementerian Pendidikan dan Kebudayaan (Kemendikbud) berjalan dengan baik. Kali ini Mendikbud meninjau pelaksanaan pembelajaran di masa pandemi di Kabupaten Rote Ndao, Nusa Tenggara Timur, pada Rabu, (11/11/2020). Mendikbud ingin melihat langsung kondisi pembelajaran selama pandemi Covid-19 di daerah tertinggal, terdepan dan terluar (3T). ""Dengan melakukan kunjungan ke lapangan, baru lah kami dapat memastikan mana program-program yang benar sudah berjalan, mana yang belum, dan dukungan apa yang dibutuhkan. Peran aktif pemerintah daerah sangat kita harapkan guna memastikan kebijakan dan dukungan pemerintah pusat sampai kepada masyarakat, terutama di daerah 3T,â€ ujar Mendikbud di Taman Kanak-kanan (TK) Negeri Pembina, Londalusi, Rote Timur. Baca selengkapnya di https://www.kemdikbud.go.id/main/blog/2020/11/kunjungi-pulau-rote-mendikbud-pastikan-program-dan-kebijakan-pemerintah-berjalan-di-daerah-3t #bersamahadapikorona #merdekabelajar"
Kementerian Pendidikan dan Kebudayaan RI,Official Page,https://www.facebook.com/Official Page/posts/3273160372793380,Program Mengajar dari Rumah,2020-10-18 08:25:43 EDT,4.72E+02,5.50E+01,3.30E+01,1.30E+01,1.00E+00,2.00E+00,0.00E+00,0.00E+00,0.00E+00,1.60E+01,8.10E-01,6.00E-02,1.30E-01,0.00E+00,0.00E+00,0.00E+00,8.10E-01,1.30E-01,1.90E-01,Photo,2.86E+03,1.23E+01,"Selamat pagi, #SahabatDikbud. Sudah siap belajar kembali? Yuk, saksikan berbagai tayangan #BelajardariRumah di TVRI Nasional untuk menemani waktu belajarmu hari ini! #MerdekaBelajar #BersamaHadapiKorona"
Kementerian Pendidikan dan Kebudayaan RI,Official Page,https://www.facebook.com/Official Page/posts/2717042195071870,"Pelaksanaan kebijakan pendidikan covid tahun 2020(UN 2020 ditiadakan,proses belajar di rumah,ujian sekolah sebagai pengganti kelulusan,dana BOS)",2020-03-24 06:00:22 EDT,3.56E+03,2.31E+02,4.12E+03,1.01E+02,1.20E+01,1.00E+00,9.00E+00,2.00E+00,0.00E+00,1.25E+02,8.10E-01,1.00E-01,1.00E-02,7.00E-02,2.00E-02,0.00E+00,8.10E-01,2.00E-02,1.90E-01,Photo,2.46E+02,-1.09E+00,"Selamat pagi, #SahabatDikbud. Selamat menikmati akhir pekan bersama keluarga. Yuk, simak jadwal acara #BelajardariRumah di TVRI Nasional untuk hari ini, Sabtu, 28 November 2020! #MerdekaBelajar #BersamaHadapiKorona"
Kementerian Pendidikan dan Kebudayaan RI,Official Page,https://www.facebook.com/Official Page/posts/2902185963224158,"PPDB daring (SD,SMP,SMA)",2020-06-11 21:24:09 EDT,2.89E+02,2.20E+01,8.90E+01,9.00E+00,1.00E+00,1.00E+00,0.00E+00,0.00E+00,0.00E+00,1.10E+01,8.20E-01,9.00E-02,9.00E-02,0.00E+00,0.00E+00,0.00E+00,8.20E-01,9.00E-02,1.80E-01,Photo,1.23E+03,5.27E+00,"#SahabatDikbud, pemerintah mengumumkan ""Rencana Seleksi Guru Pegawai Pemerintah dengan Perjanjian Kerja (PPPK) Tahun 2021"" bersama Wakil Presiden RI @kyai_marufamin, Mendikbud, Menteri Kementerian Keuangan Republik Indonesia, Menteri Kemendagri_RI, Menteri @kemenpanrb, dan Menteri @bkngoidofficial pada Senin (23/11). Apa saja ya isi pengumumannya? Yuk, simak informasi selengkapnya pada gambar berikut! ğŸ‘ğŸ˜Š #MerdekaBelajar #RencanaSeleksiGuruP3K #BersamaHadapiKorona #SeruBelajarKebiasaanBaru"
Kementerian Pendidikan dan Kebudayaan RI,Official Page,https://www.facebook.com/Official Page/posts/3058484500927636,"Pembelajaran tatap muka untuk, zona hijau",2020-08-08 05:32:07 EDT,1.68E+03,2.79E+02,2.69E+03,5.20E+01,2.00E+00,6.00E+00,4.00E+00,1.00E+00,7.00E+00,7.20E+01,7.20E-01,3.00E-02,8.00E-02,6.00E-02,1.00E-02,1.00E-01,8.20E-01,1.00E-01,1.80E-01,Photo,5.04E+02,1.85E+00,[Pengumuman] Panduan Pembelajaran Program Belajar dari Rumah di TVRI Minggu Ketiga Puluh Tiga #SahabatDikbud dapat membaca selengkapnya di https://www.kemdikbud.go.id/main/blog/2020/11/panduan-pembelajaran-program-belajar-dari-rumah-di-tvri-minggu-ketiga-puluh-tiga #MerdekaBelajar #BelajadariRumah #BersamaHadapiKorona
Kementerian Komunikasi dan Informatika RI,Official Page,https://www.facebook.com/Official Page/posts/3461766267211164,"Pembelajaran tatap muka untuk, zona hijau",2020-11-26 00:19:00 EST,4.82E+02,7.00E+00,2.90E+01,3.00E+00,0.00E+00,0.00E+00,0.00E+00,1.00E+00,2.00E+00,6.00E+00,5.00E-01,0.00E+00,0.00E+00,0.00E+00,1.70E-01,3.30E-01,8.30E-01,1.70E-01,1.70E-01,Photo,1.93E+02,2.82E+00,"SobatKom, Semester Genap Tahun Akademik 2020/2021 yang dimulai Januari 2021 diperbolehkan (namun tidak diwajibkan) untuk melakukan pembelajaran tatap muka, hanya jika memenuhi syarat ketat yang sudah ditetapkan. Prinsip kebijakan pendidikan di masa pandemi COVID-19 tidak berubah dengan tetap memprioritaskan kesehatan dan keselamatan peserta didik, pendidik, tenaga kependidikan, keluarga, dan masyarakat. Penyesuaian kebijakan ini berdasarkan Surat Keputusan Bersama Menteri Pendidikan dan Kebudayaan, Menteri Agama (Menag), Menteri Kesehatan (Menkes), dan Menteri Dalam Negeri (Mendagri) pada 20 November 2020. Baca tentang Panduan Pembelajaran Tatap Muka di http:s://s.id/panduan-pembelajaran-2021"
Kementerian Pendidikan dan Kebudayaan RI,Official Page,https://www.facebook.com/Official Page/posts/3459242740851808,Kouta SNMPTN 2021,2020-12-28 23:19:29 EST,2.60E+02,2.90E+01,8.50E+01,5.00E+00,1.00E+00,0.00E+00,0.00E+00,0.00E+00,1.00E+00,7.00E+00,7.10E-01,1.40E-01,0.00E+00,0.00E+00,0.00E+00,1.40E-01,8.60E-01,0.00E+00,1.40E-01,Photo,1.22E+03,5.19E+00,"Selamat pagi, #SahabatDikbud. Sudah siapkah kembali mengikuti program #BelajardariRumah di TVRI Nasional minggu ini? Yuk, simak jadwalnya untuk hari Senin, 18 Januari 2021! #MerdekaBelajar #BersamaHadapiKorona"
Kementerian Pendidikan dan Kebudayaan RI,Official Page,https://www.facebook.com/Official Page/posts/3114942001948552,Kouta internet gratis,2020-08-27 05:24:49 EDT,1.15E+03,1.34E+02,1.25E+02,3.60E+01,1.00E+00,2.00E+00,2.00E+00,1.00E+00,1.00E+00,4.30E+01,8.40E-01,2.00E-02,5.00E-02,5.00E-02,2.00E-02,2.00E-02,8.60E-01,7.00E-02,1.40E-01,Link,1.05E+03,4.88E+00,[Pengumuman] Panduan Pembelajaran Program Belajar dari Rumah di TVRI Minggu Ketiga Tahun 2021 #SahabatDikbud dapat membaca selengkapnya di https://www.kemdikbud.go.id/main/blog/2021/01/panduan-pembelajaran-program-belajar-dari-rumah-di-tvri-minggu-ketiga-tahun-2021 #MerdekaBelajar #BelajardariRumah #BersamaHadapiKorona
Kementerian Pendidikan dan Kebudayaan RI,Official Page,https://www.facebook.com/Official Page/posts/3342206425888774,"Pelaksanaan kebijakan pendidikan covid tahun 2020(UN 2020 ditiadakan,proses belajar di rumah,ujian sekolah sebagai pengganti kelulusan,dana BOS)",2020-11-13 03:45:00 EST,4.39E+02,1.70E+01,1.50E+01,1.10E+01,0.00E+00,2.00E+00,0.00E+00,0.00E+00,1.00E+00,1.40E+01,7.90E-01,0.00E+00,1.40E-01,0.00E+00,0.00E+00,7.00E-02,8.60E-01,1.40E-01,1.40E-01,Link,6.14E+02,2.50E+00,[Pengumuman] Panduan Pembelajaran Program Belajar dari Rumah di TVRI Minggu Kedua Tahun 2021 #SahabatDikbud dapat membaca selengkapnya di https://www.kemdikbud.go.id/main/blog/2021/01/panduan-pembelajaran-program-belajar-dari-rumah-di-tvri-minggu-kedua-tahun-2021 #MerdekaBelajar #BelajardariRumah #BersamaHadapiKorona
Kementerian Pendidikan dan Kebudayaan RI,Official Page,https://www.facebook.com/Official Page/posts/2868626206580134,"PPDB daring (SD,SMP,SMA)",2020-05-30 00:00:01 EDT,4.40E+02,1.10E+01,6.60E+01,6.00E+00,1.00E+00,0.00E+00,0.00E+00,0.00E+00,0.00E+00,7.00E+00,8.60E-01,1.40E-01,0.00E+00,0.00E+00,0.00E+00,0.00E+00,8.60E-01,0.00E+00,1.40E-01,Photo,4.85E+02,1.96E+00,"#SahabatDikbud, jumlah kuota siswa persekolah yang boleh (eligible) untuk mendaftar Seleksi Nasional Masuk Perguruan Tinggi Negeri (SNMPTN) 2021 sudah dapat diakses sejak 28 Desember 2020, loh. Yuk, simak informasi selengkapnya pada gambar berikut! ğŸ‘ğŸ˜Š Untuk informasi lebih lanjut, silakan akses laman ltmpt.ac.id atau akun Lembaga Tes Masuk Perguruan Tinggi, ya. ğŸ˜Š #MerdekaBelajar #SNMPTN2021 #KampusMerdeka #UnggahUlang Lembaga Tes Masuk Perguruan Tinggi"
Kementerian Pendidikan dan Kebudayaan RI,Official Page,https://www.facebook.com/Official Page/posts/3224963854279699,Kouta internet gratis,2020-10-02 23:30:16 EDT,2.79E+02,8.90E+01,1.50E+01,1.00E+01,0.00E+00,0.00E+00,1.00E+00,1.00E+00,2.00E+00,1.40E+01,7.10E-01,0.00E+00,0.00E+00,7.00E-02,7.00E-02,1.40E-01,8.60E-01,7.00E-02,1.40E-01,Link,4.86E+02,1.79E+00,"#SahabatDikbud, di tengah masa pandemi Covid-19, Kemendikbud telah menghadirkan terobosan berupa bantuan subsidi kuota data internet. Hal ini merupakan salah satu solusi untuk meringankan beban ekonomi guru dan keluarga, serta mendukung pembelajaran jarak jauh. Yuk, #SahabatDikbud simak tanggapan beberapa penerima bantuan kuota internet pada video berikut! #MerdekaBelajar #BantuanKuotaKemdikbud #BersamaHadapiKorona"
Kementerian Pendidikan dan Kebudayaan RI,Official Page,https://www.facebook.com/Official Page/posts/3215848605191224,Kouta internet gratis,2020-09-29 05:30:01 EDT,6.49E+02,1.19E+02,1.58E+02,1.00E+01,0.00E+00,1.00E+00,1.00E+00,0.00E+00,2.00E+00,1.40E+01,7.10E-01,0.00E+00,7.00E-02,7.00E-02,0.00E+00,1.40E-01,8.60E-01,7.00E-02,1.40E-01,Photo,4.90E+01,-1.27E+00,"#SahabatDikbud, dalam rangka menjamin kelancaran proses pembelajaran serta untuk meningkatkan aksesibilitas terhadap beragam produk dan aplikasi pembelajaran demi menghadirkan pengalaman belajar virtual yang lebih berkualitas, Kementerian Pendidikan dan Kebudayaan meluncurkan Akun Pembelajaran. Akun Pembelajaran ini merupakan akses masuk tunggal (Single Sign On) ke berbagai layanan pembelajaran digital seperti surat elektronik, penyimpanan dan pembagian dokumen secara elektronik; pengelolaan administrasi pembelajaran secara elektronik; penjadwalan proses pembelajaran secara elektronik; pelaksanaan proses pembelajaran secara daring (online), baik secara sinkronus (dilakukan pada waktu yang bersamaan) maupun asinkronus (fleksibel dan tidak harus dalam waktu yang bersamaan). Yuk, #SahabatDikbud simak informasi selengkapnya dan cara mengakses dan mengaktifkannya pada grafis berikut! ğŸ‘ğŸ˜Š #MerdekaBelajar #AkunPembelajaran"
Kementerian Pendidikan dan Kebudayaan RI,Official Page,https://www.facebook.com/Official Page/posts/3130734207035998,Kouta internet gratis,2020-09-01 00:46:54 EDT,4.75E+02,9.80E+01,2.37E+02,1.20E+01,0.00E+00,1.00E+00,0.00E+00,1.00E+00,1.00E+00,1.50E+01,8.00E-01,0.00E+00,7.00E-02,0.00E+00,7.00E-02,7.00E-02,8.70E-01,1.30E-01,1.30E-01,Photo,1.05E+03,4.90E+00,"#SahabatDikbud, Pemerintah mengumumkan Surat Keputusan Bersama (SKB) Menteri Pendidikan dan Kebudayaan, Menteri Agama (Menag), Menteri Kesehatan (Menkes), dan Menteri Dalam Negeri (Mendagri) tentang Panduan Penyelenggaraan Pembelajaran pada Semester Genap Tahun Ajaran dan Tahun Akademik 2020/2021 di Masa Pandemi Covid-19. Dalam SKB tersebut, pemerintah melakukan penyesuaian kebijakan untuk memberikan penguatan peran pemerintah daerah/kantor wilayah (kanwil)/ kantor Kementerian Agama (Kemenag) sebagai pihak yang paling mengetahui dan memahami kondisi, kebutuhan, dan kapasitas daerahnya. Pemberian kewenangan penuh dalam menentukan izin pembelajaran tatap muka tersebut berlaku mulai semester genap tahun ajaran dan tahun akademik 2020/2021, di bulan Januari 2021. Baca selengkapnya di https://www.kemdikbud.go.id/main/blog/2020/11/pemerintah-daerah-diberikan-kewenangan-penuh-tentukan-izin-pembelajaran-tatap-muka #MerdekaBelajar #BersamaHadapiKorona #BangkitUntukIndonesiaMaju"
Kementerian Pendidikan dan Kebudayaan RI,Official Page,https://www.facebook.com/Official Page/posts/3250398761736208,Asesmen nasional,2020-10-10 05:55:21 EDT,4.36E+02,5.20E+01,2.93E+02,1.50E+01,0.00E+00,2.00E+00,0.00E+00,0.00E+00,1.00E+00,1.80E+01,8.30E-01,0.00E+00,1.10E-01,0.00E+00,0.00E+00,6.00E-02,8.90E-01,1.10E-01,1.10E-01,Photo,1.16E+03,1.81E+01,"#SahabatDikbud, pemerintah mengumumkan Surat Keputusan Bersama (SKB) Mendikbud, Menteri Kemenag RI, Menteri Kemenkes RI, dan Menteri Kemendagri_RI tentang Panduan Penyelenggaraan Pembelajaran pada Semester Genap Tahun Ajaran & Tahun Akademik 2020/2021 di Masa Pandemi Covid-19. Penyesuaian kebijakan dilakukan untuk memberikan penguatan peran pemda/kanwil/kantor Kemenag RI sebagai pihak yang paling mengetahui dan memahami kondisi, kebutuhan, dan kapasitas daerahnya. Kebijakan berlaku mulai bulan Januari 2021. #SahabatDikbud, pemberian izin pembelajoran tatap muka dapat dilakukan secara serentak dalam satu wilayah kabupaten/kota atau bertahap per wilayah kecamatan/desa/kelurahan dengan faktor-faktor pertimbangan dan dukungan seluruh pemangku kepentingan. Yuk, simak informasinya pada infografik berikut! #MerdekaBelajar #PanduanPembelajaran"
Kementerian Pendidikan dan Kebudayaan RI,Official Page,https://www.facebook.com/Official Page/posts/3353702251405858,Bantuan subsidi tenaga kependidikan & Non-PNS,2020-11-17 23:00:00 EST,1.39E+03,3.03E+02,1.14E+03,2.60E+01,0.00E+00,3.00E+00,0.00E+00,0.00E+00,2.00E+00,3.10E+01,8.40E-01,0.00E+00,1.00E-01,0.00E+00,0.00E+00,6.00E-02,9.00E-01,1.00E-01,1.00E-01,Photo,1.99E+03,2.99E+00,[Pengumuman] Buku Saku BSU bagi Pendidik dan Tenaga Kependidikan Non-PNS di Lingkungan Kemendikbud Tahun 2020 #SahabatDikbud dapat membaca selengkapnya di https://www.kemdikbud.go.id/main/blog/2020/11/buku-saku-bsu-bagi-pendidik-dan-tenaga-kependidikan-nonpns-di-lingkungan-kemendikbud-tahun-2020
Kementerian Pendidikan dan Kebudayaan RI,Official Page,https://www.facebook.com/Official Page/posts/2754166224692800,Belajar di rumah(program rumah belajar),2020-04-10 09:46:11 EDT,1.78E+03,1.15E+02,1.46E+03,4.60E+01,2.00E+00,0.00E+00,3.00E+00,0.00E+00,0.00E+00,5.10E+01,9.00E-01,4.00E-02,0.00E+00,6.00E-02,0.00E+00,0.00E+00,9.00E-01,0.00E+00,1.00E-01,Link,2.30E+02,2.58E+00,"#SahabatDikbud, saksikan peresmian kebijakan ""Bantuan Kuota Data Internet Tahun 2020"" dengan narasumber Mendikbud Nadiem Makarim @nadiemmakarim , Menteri Badan Usaha Milik Negara Erick Thohir @kementerianbumn @erickthohir , dan Menteri Komunikasi dan Informatika Johnny G. Plate @kemenkominfo @johnnyplate . Acara akan ditayangkan hari ini, Jumat, 25 September 2020, pukul 10.00 WIB hanya di kanal YouTube KEMENDIKBUD RI . Jangan terlewatkan ya, #SahabatDikbud! ğŸ˜ŠğŸ‘ #MerdekaBelajar #BantuanKuotaInternet #BersamaHadapiKorona #BangkitUntukIndonesiaMaju"
Kementerian Pendidikan dan Kebudayaan RI,Official Page,https://www.facebook.com/Official Page/posts/3277681489007935,Merdeka belajar,2020-10-20 02:33:10 EDT,2.53E+02,1.00E+01,1.50E+01,9.00E+00,0.00E+00,0.00E+00,1.00E+00,0.00E+00,0.00E+00,1.00E+01,9.00E-01,0.00E+00,0.00E+00,1.00E-01,0.00E+00,0.00E+00,9.00E-01,0.00E+00,1.00E-01,Photo,1.19E+02,-2.24E+00,"#SahabatDikbud yuk, simak petunjuk teknis bantuan kuota data internet tahun 2020 bagi siswa dan guru Pendidikan Anak Usia Dini (PAUD) Pendidikan Dasar dan Menengah (Dikdasmen) pada gambar berikut! #MerdekaBelajar #BangkitUntuklndonesiaMaju #BersamaHadapiKorona #BantuanKuotaInternet"
Kementerian Pendidikan dan Kebudayaan RI,Official Page,https://www.facebook.com/Official Page/posts/3363257823783634,Pemberian kewenangan penuh dalam menentukan izin pembelajaran tatap muka kepada pemerintah daerah,2020-11-20 21:00:33 EST,1.09E+03,1.09E+02,4.53E+02,2.50E+01,0.00E+00,3.00E+00,0.00E+00,0.00E+00,6.00E+00,3.40E+01,7.40E-01,0.00E+00,9.00E-02,0.00E+00,0.00E+00,1.80E-01,9.10E-01,9.00E-02,9.00E-02,Photo,1.13E+03,7.33E+00,"#SahabatDikbud , pemerintah melakukan penyesuaian keputusan bersama Empat Menteri terkait pelaksanaan pembelajaran di zona selain merah dan oranye, yakni di zona kuning dan hijau, untuk dapat melaksanakan pembelajaran tatap muka dengan penerapan protokol kesehatan yang sangat ketat. Empat menteri tersebut adalah Menteri Pendidikan dan Kebudayaan, Menteri Kesehatan, Menteri Agama, dan Menteri Dalam Negeri. . Dalam perubahan Surat Keputusan Bersama (SKB) Empat Menteri ini, izin pembelajaran tatap muka diperluas ke zona kuning, dari sebelumnya hanya di zona hijau. Prosedur pengambilan keputusan pembelajaran tatap muka tetap dilakukan secara bertingkat seperti pada SKB sebelumnya. Pemda/kantor/kanwil Kemenag dan sekolah memiliki kewenangan penuh untuk menentukan apakah daerah atau sekolahnya dapat mulai melakukan pembelajaran tatap muka. â€œJadi bukan berarti ketika sudah berada di zona hijau atau kuning, daerah atau sekolah wajib mulai tatap muka kembali ya,â€ ujar Mendikbud Nadiem Makarim. . Mendikbud juga menekankan, bahwa sekali pun daerah sudah dalam zona hijau atau kuning, pemda sudah memberikan izin, dan sekolah sudah kembali memulai pembelajaran tatap muka, orang tua atau wali tetap dapat memutuskan untuk anaknya tetap melanjutkan belajar dari rumah. . Penentuan zonasi daerah sendiri tetap mengacu pada pemetaan risiko daerah yang dilakukan oleh satuan tugas penanganan Covid-19 nasional, yang dapat diakses pada laman https://covid19.go.id/peta-risiko. . Berdasarkan pemetaan tersebut, zonasi daerah dilakukan pada tingkat kabupaten/kota. â€œDikecualikan untuk pulau-pulau kecil, zonasinya menggunakan pemetaan risiko daerah yang dilakukan oleh satgas penanganan Covid-19 setempat,â€ kata Mendikbud. . Informasi selengkapnya dapat #SahabatDikbud lihat pada bahan presentasi Mendikbud Nadiem Makarim di atas saat mengumumkan penyesuaian kebijakan pembelajaran di masa pandemi Covid-19 atau akses laman kemdikbud.go.id. . #MerdekaBelajar #BersamaHadapiKorona #BelajardariRumah #SeruBelajarKebiasaanBaru"
Kementerian Pendidikan dan Kebudayaan RI,Official Page,https://www.facebook.com/Official Page/posts/2719274504848639,"Pelaksanaan kebijakan pendidikan covid tahun 2020(UN 2020 ditiadakan,proses belajar di rumah,ujian sekolah sebagai pengganti kelulusan,dana BOS)",2020-03-25 06:00:53 EDT,2.16E+03,1.40E+02,1.63E+03,6.10E+01,4.00E+00,0.00E+00,2.00E+00,0.00E+00,0.00E+00,6.70E+01,9.10E-01,6.00E-02,0.00E+00,3.00E-02,0.00E+00,0.00E+00,9.10E-01,0.00E+00,9.00E-02,Photo,7.99E+02,2.83E+00,"#SahabatDikbud, salah satu pertimbangan diperbolehkannya pembelajaran tatap muka diperluas hingga zona kuning adalah banyaknya satuan pendidikan di daerah 3T (terdepan, terluar, dan tertinggal) sangat kesulitan untuk melaksanakan Pembelajaran Jarak Jauh (PJJ) karena minimnya akses. Hal ini dapat berdampak negatif terhadap tumbuh kembang dan psikososial anak secara permanen. Saat ini, 88% dari keseluruhan daerah 3T berada di zona kuning dan hijau. Dengan adanya penyesuaian Surat Keputusan Bersama (SKB) Empat Menteri, maka satuan pendidikan yang siap dan ingin melaksanakan pembelajaran tatap muka memiliki opsi untuk melaksanakannya secara bertahap dengan protokol kesehatan yang ketat. Walaupun berada di zona hijau dan kuning, satuan pendidikan tidak dapat melakukan pembelajaran tatap muka tanpa adanya persetujuan (1) Pemda/kanwil, (2) kepala sekolah (setelah sekolah dapat memenuhi protokol kesehatan yang ketat), dan (3) adanya persetujuan komite sekolah. Kemudian walaupun sekolah sudah melakukan pembelajaran tatap muka, persyaratan terakhir adalah adanya persetujuan dari orang tua peserta didik. Jika orang tua tidak setuju maka peserta didik tetap belajar dari rumah dan tidak dapat dipaksa. #MerdekaBelajar #BersamaHadapiKorona #BelajardariRumah #SeruBelajarKebiasaanBaru"
Kementerian Pendidikan dan Kebudayaan RI,Official Page,https://www.facebook.com/Official Page/posts/3264876600288424,Merdeka belajar,2020-10-17 05:30:00 EDT,5.65E+02,1.60E+01,2.00E+01,1.20E+01,1.00E+00,0.00E+00,0.00E+00,0.00E+00,0.00E+00,1.30E+01,9.20E-01,8.00E-02,0.00E+00,0.00E+00,0.00E+00,0.00E+00,9.20E-01,0.00E+00,8.00E-02,Link,3.97E+02,1.47E+00,[Pengumuman] Buku Saku FAQ Program Kuota Belajar #SahabatDikbud dapat membaca selengkapnya di https://www.kemdikbud.go.id/main/blog/2020/09/buku-saku-faq-program-kuota-belajar #MerdekaBelajar #BelajardariRumah #BantuanKuotaInternet #BersamaHadapiKorona
Kementerian Pendidikan dan Kebudayaan RI,Official Page,https://www.facebook.com/Official Page/posts/2759780087464747,Belajar di rumah(program rumah belajar),2020-04-12 21:00:30 EDT,1.96E+03,2.18E+02,2.52E+03,4.30E+01,1.00E+00,1.00E+00,0.00E+00,1.00E+00,0.00E+00,4.60E+01,9.30E-01,2.00E-02,2.00E-02,0.00E+00,2.00E-02,0.00E+00,9.30E-01,4.00E-02,7.00E-02,Photo,8.03E+03,3.30E+01,"#SahabatDikbud, untuk memudahkan tersedianya informasi bagi guru, siswa, mahasiswa, dan dosen, tentang bantuan kuota data internet 2020, Kementerian Pendidikan dan Kebudayaan telah menyiapkan daftar laman dan aplikasi pembelajaran yang dapat diakses menggunakan kuota belajar, yang dapat diakses melalui laman https://kuota-belajar.kemdikbud.go.id/. Kepala Biro Kerja Sama dan Hubungan Masyarakat, Kemendikbud, Evy Mulyani menyatakan bahwa daftar laman dan aplikasi pembelajaran yang dapat diakses menggunakan kuota belajar tersebut juga dimaksudkan untuk mengantisipasi kekhawatiran kuota data internet disalahgunakan. Evy menambahkan bahwa daftar tersebut juga memuat aplikasi dan video conference yang utama dan secara umum banyak sekali digunakan dalam Pembelajan Jarak Jauh (PJJ) sehingga diyakini memadai untuk pemenuhan kebutuhan PJJ. Baca selengkapnya di https://www.kemdikbud.go.id/main/blog/2020/09/kemendikbud-siapkan-informasi-tentang-bantuan-kuota-di-kuotabelajarkemdikbudgoid #merdekabelajar #belajardarirumah #bersamahadapikorona"
Kementerian Pendidikan dan Kebudayaan RI,Official Page,https://www.facebook.com/Official Page/posts/3058099730966113,"Pembelajaran tatap muka untuk, zona hijau",2020-08-08 02:17:00 EDT,6.55E+02,8.70E+01,1.99E+02,1.30E+01,0.00E+00,0.00E+00,1.00E+00,0.00E+00,0.00E+00,1.40E+01,9.30E-01,0.00E+00,0.00E+00,7.00E-02,0.00E+00,0.00E+00,9.30E-01,0.00E+00,7.00E-02,Photo,4.00E+00,-2.75E+01,[PENGUMUMAN] Panduan Pembelajaran Program Belajar dari Rumah di TVRI Minggu Keempatbelas #SahabatDikbud dapat membaca selengkapnya di https://www.kemdikbud.go.id/main/blog/2020/07/panduan-pembelajaran-program-belajar-dari-rumah-di-tvri-minggu-keempatbelas #MerdekaBelajar #BelajardariRumah #BersamaHadapiKorona
Kementerian Pendidikan dan Kebudayaan RI,Official Page,https://www.facebook.com/Official Page/posts/2723955604380529,UN 2020 ditiadakan,2020-03-28 09:00:34 EDT,7.48E+02,3.90E+01,3.81E+02,1.30E+01,0.00E+00,0.00E+00,1.00E+00,0.00E+00,0.00E+00,1.40E+01,9.30E-01,0.00E+00,0.00E+00,7.00E-02,0.00E+00,0.00E+00,9.30E-01,0.00E+00,7.00E-02,Photo,3.10E+01,-2.29E+00,"#SahabatDikbud, Kemendikbud mengeluarkan kebijakan Asesmen Nasional tidak hanya sebagai pengganti Ujian Nasional dan Ujian Sekolah berstandar Nasional tetapi sebagai penanda perubahan paradigma tentang evaluasi pendidikan. Hal ini disampaikan Mendikbud Nadiem Makarim dalam penjelasannya melalui video. Yuk, simak penjelasan selengkapnya dari Mendikbud Nadiem Makarim tentang Kebijakan Asesmen Nasional sebelum mulai dilaksanakan! ğŸ˜ŠğŸ‘ Informasi lebih lanjut #SahabatDikbud dapat telusuri melalui laman http://litbang.kemdikbud.go.id/:=:https://litbang.kemdikbud.go.id/ dan https://pusmenjar.kemdikbud.go.id/akm/, ya. ğŸ˜Š @litbangdikbud @pusmenjar #MerdekaBelajar #AsesmenNasional #Mendikbud"
Kementerian Pendidikan dan Kebudayaan RI,Official Page,https://www.facebook.com/Official Page/posts/2758693180906771,Belajar di rumah(program rumah belajar),2020-04-12 09:41:18 EDT,1.14E+03,1.67E+02,4.02E+02,4.40E+01,2.00E+00,1.00E+00,0.00E+00,0.00E+00,0.00E+00,4.70E+01,9.40E-01,4.00E-02,2.00E-02,0.00E+00,0.00E+00,0.00E+00,9.40E-01,2.00E-02,6.00E-02,Video,5.37E+02,6.79E+00,"#SahabatDikbud, dapat informasi resmi selengkapnya mengenai Bantuan Kuota Data Internet Kemendikbud hanya di laman http://kuota-belajar.kemdikbud.go.id.:=:https://kuota-belajar.kemdikbud.go.id/ #MerdekaBelajar"
Kementerian Pendidikan dan Kebudayaan RI,Official Page,https://www.facebook.com/Official Page/posts/2698852050224218,Belajar di rumah(program rumah belajar),2020-03-15 23:16:54 EDT,2.90E+03,1.19E+02,3.89E+03,1.17E+02,2.00E+00,1.00E+00,3.00E+00,0.00E+00,0.00E+00,1.23E+02,9.50E-01,2.00E-02,1.00E-02,2.00E-02,0.00E+00,0.00E+00,9.50E-01,1.00E-02,5.00E-02,Photo,1.03E+03,1.18E+01,"#SahabatDikbud, banyaknya satuan pendidikan di daerah 3T (terdepan, terluar, dan tertinggal) sangat kesulitan untuk melaksanakan Pembelajaran Jarak Jauh (PJJ) karena minimnya akses. Hal ini dapat berdampak negatif terhadap tumbuh kembang dan psikososial anak secara permanen. Saat ini, 88% dari keseluruhan daerah 3T berada di zona kuning dan hijau. Dengan adanya penyesuaian Surat Keputusan Bersama (SKB) Empat Menteri, maka satuan pendidikan yang siap dan ingin melaksanakan pembelajaran tatap muka memiliki opsi untuk melaksanakannya secara bertahap dengan protokol kesehatan yang ketat. #SahabatDikbud, terdapat beberapa hal yang perlu diperhatikan dalam penyesuaian kebijakan pembelajaran di masa pandemi Covid-19. Apa saja, ya? Yuk, lihat infomasinya pada gambar berikut! ğŸ˜ŠğŸ‘ #MerdekaBelajar #BersamaHadapiKorona #BelajardariRumah #SeruBelajarKebiasaanBaru #BangkituntukindonesiaMaju"
Kementerian Pendidikan dan Kebudayaan RI,Official Page,https://www.facebook.com/Official Page/posts/2974233542686066,"Pembelajaran tatap muka untuk, zona hijau",2020-07-09 02:28:38 EDT,2.14E+03,3.10E+01,1.75E+03,4.60E+01,0.00E+00,1.00E+00,1.00E+00,0.00E+00,7.00E+00,5.50E+01,8.40E-01,0.00E+00,2.00E-02,2.00E-02,0.00E+00,1.30E-01,9.60E-01,2.00E-02,4.00E-02,Video,1.38E+02,-1.82E+00,[Pengumuman] Panduan Pembelajaran Program Belajar dari Rumah di TVRI Minggu Pertama Tahun 2021 #SahabatDikbud dapat membaca selengkapnya di https://www.kemdikbud.go.id/main/blog/2021/01/panduan-pembelajaran-program-belajar-dari-rumah-di-tvri-minggu-pertama-tahun-2021 #MerdekaBelajar #BersamaHadapiKorona #BelajardariRumah
Kementerian Pendidikan dan Kebudayaan RI,Official Page,https://www.facebook.com/Official Page/posts/3350687805040636,Bantuan subsidi tenaga kependidikan & Non-PNS,2020-11-16 06:30:07 EST,1.71E+03,2.19E+02,1.06E+03,3.60E+01,1.00E+00,0.00E+00,0.00E+00,0.00E+00,2.00E+00,3.90E+01,9.20E-01,3.00E-02,0.00E+00,0.00E+00,0.00E+00,5.00E-02,9.70E-01,0.00E+00,3.00E-02,Photo,1.46E+04,1.67E+02,[Pengumuman] Panduan Pembelajaran Program Belajar dari Rumah di TVRI Minggu Ketiga Puluh Delapan #SahabatDikbud dapat membaca selengkapnya di https://www.kemdikbud.go.id/main/blog/2020/12/panduan-pembelajaran-program-belajar-dari-rumah-di-tvri-minggu-ketiga-puluh-delapan #MerdekaBelajar #BelajadariRumah #BersamaHadapiKorona
Kementerian Pendidikan dan Kebudayaan RI,Official Page,https://www.facebook.com/Official Page/posts/2977615495681204,Belajar di rumah(program rumah belajar),2020-07-12 23:30:02 EDT,5.60E+02,3.00E+01,2.38E+02,7.00E+00,0.00E+00,0.00E+00,0.00E+00,0.00E+00,1.00E+00,8.00E+00,8.80E-01,0.00E+00,0.00E+00,0.00E+00,0.00E+00,1.30E-01,1.00E+00,0.00E+00,0.00E+00,Photo,5.63E+02,6.44E+00,"#SahabatDikbud, Kementerian Pendidikan dan Kebudayaan (Kemendikbud) telah menyalurkan bantuan kuota data internet tahap 1 dan 2 September 2020 kepada 28,5 juta nomor telepon selular (ponsel) guru, siswa, mahasiswa, dan dosen di seluruh Indonesia. Bulan ini Kemendikbud menyalurkan kembali bantuan kuota data internet untuk siswa, guru, mahasiswa, dan dosen. Pada hari ini (22/10) sebanyak 7,2 juta paket kuota internet tambahan. â€œBantuan yang dikirimkan hari ini dan esok hari merupakan bantuan kuota data tahap 1 di bulan Oktober, sedangkan bantuan kuota data tahap 2 akan dikirimkan pada 28 â€“ 30 Oktober 2020,â€ terang Pelaksana Tugas (Plt) Kepala Pusat Data dan Informasi (Pusdatin) Kemendikbud, Hasan Chabibie di Jakarta (22/10). Baca selengkapnya di https://www.kemdikbud.go.id/main/blog/2020/10/kemendikbud-salurkan-357-juta-bantuan-kuota-dan-tambah-aplikasi-laman-kuota-belajar-hingga-2690 #bersamahadapikorona #belajardarirumah #berprestasidarirumah"
Kementerian Pendidikan dan Kebudayaan RI,Official Page,https://www.facebook.com/Official Page/posts/3563918193717595,Belajar di rumah(program rumah belajar),2021-02-07 22:31:00 EST,2.07E+02,1.50E+01,3.20E+01,6.00E+00,0.00E+00,0.00E+00,0.00E+00,0.00E+00,0.00E+00,6.00E+00,1.00E+00,0.00E+00,0.00E+00,0.00E+00,0.00E+00,0.00E+00,1.00E+00,0.00E+00,0.00E+00,Photo,1.75E+03,6.17E+00,"#SahabatDikbud yuk, simak dengan saksama petunjuk teknis bantuan kuota data internet tahun 2020 bagi dosen dan mahasiswa pada gambar berikut! ğŸ˜ŠğŸ‘ #MerdekaBelajar #BangkitUntukIndonesiaMaju #BersamaHadapiKorona #BantuanKuotaInternet"
Kementerian Pendidikan dan Kebudayaan RI,Official Page,https://www.facebook.com/Official Page/posts/3366026590173424,Pemberian kewenangan penuh dalam menentukan izin pembelajaran tatap muka kepada pemerintah daerah,2020-11-21 22:00:05 EST,6.71E+02,2.40E+01,5.19E+02,1.30E+01,0.00E+00,0.00E+00,0.00E+00,0.00E+00,3.00E+00,1.60E+01,8.10E-01,0.00E+00,0.00E+00,0.00E+00,0.00E+00,1.90E-01,1.00E+00,0.00E+00,0.00E+00,Photo,5.03E+02,5.60E+00,"#SahabatDikbud, Kementerian Pendidikan dan Kebudayaan (Kemendikbud) terbitkan Peraturan Sekretaris Jenderal Nomor 14 Tahun 2020, tentang Petunjuk Teknis Bantuan Kuota Data Internet Tahun 2020. Petunjuk teknis (juknis) ini menjadi pedoman dalam penyaluran bantuan kuota data internet bagi pendidik dan peserta didik sehingga dapat mendukung penerapan pembelajaran jarak jauh selama masa pandemi COVID-19. â€œBantuan kuota data internet diberikan kepada siswa, mahasiswa, pendidik dan guru, serta dosen,â€ jelas Sekretaris Jenderal Kemendikbud Ainun Naâ€™im, di Jakarta, Senin (21/09/2020). Bagi sekolah yang telah mengirimkan Surat Pernyataan Tanggung Jawab Mutlak (SPTJM) untuk program bantuan kuota internet untuk Pembelajaran Jarak Jauh (PJJ) dapat dilakukan pengecekan di laman verifikasi validasi https://vervalponsel.data.kemdikbud.go.id/ Baca selengkapnya di https://www.kemdikbud.go.id/main/blog/2020/09/kemendikbud-terbitkan-petunjuk-teknis-bantuan-kuota-data-internet-tahun-2020 #MerdekaBelajar #CerdasBerkarakter"
Kementerian Pendidikan dan Kebudayaan RI,Official Page,https://www.facebook.com/Official Page/posts/3452624834846932,Kouta internet gratis,2020-12-26 02:03:14 EST,1.96E+02,2.50E+01,2.40E+01,1.10E+01,0.00E+00,0.00E+00,0.00E+00,0.00E+00,3.00E+00,1.40E+01,7.90E-01,0.00E+00,0.00E+00,0.00E+00,0.00E+00,2.10E-01,1.00E+00,0.00E+00,0.00E+00,Photo,1.17E+03,5.05E+00,"#SahabatDikbud , proses entri data dan verval tetap bisa dilanjutkan bagi sekolah yang terkendala walau melewati tenggat, sehingga seluruh pendidik dan peserta didik mendapat hak yang sama dari program ini. Koordinasi dengan pihak terkait terus dilaksanakan secara intensif untuk menyempurnakan mekanisme penyaluran data ini. #MerdekaBelajar #VerifikasidanValidasi"
Kementerian Pendidikan dan Kebudayaan RI,Official Page,https://www.facebook.com/Official Page/posts/3489606454482103,Belajar di rumah(program rumah belajar),2021-01-10 08:45:05 EST,1.83E+02,1.20E+01,7.20E+01,2.00E+00,0.00E+00,0.00E+00,0.00E+00,0.00E+00,1.00E+00,3.00E+00,6.70E-01,0.00E+00,0.00E+00,0.00E+00,0.00E+00,3.30E-01,1.00E+00,0.00E+00,0.00E+00,Photo,1.18E+03,4.38E+00,"#SahabatDikbud, berdasarkan Surat Edaran Direktur Jenderal Pendidikan Usia Dini, Pendidikan Dasar, dan Pendidikan Menengah (Dirjen PAUD dan Dikdasmen), Kementerian Pendidikan dan Kebudayaan (Kemendikbud) nomor 8310/C/PD/2020 dan Surat Edaran Direktur Jenderal Pendidikan Tinggi Kemendikbud nomor 821/E.E1/SP/2020:=:http://821/E.E1/SP/2020 tentang Program Pemberian Kuota Internet, hari ini, Jumat, 11 September 2020 merupakan batas waktu pengisian atau pemutakhiran data nomor telepon seluler (ponsel) siswa dan guru di Data Pokok Pendidikan (Dapodik) serta mahasiswa dan dosen di Pangkalan Data Pendidikan Tinggi (PD-Dikti). Namun, untuk proses verifikasi dan validasi (verval) data ponsel, Kemendikbud memberikan batas akhir hingga 15 September 2020. Kepala Biro Kerja Sama dan Hubungan Masyarakat, Kemendikbud, Evy Mulyani menjelaskan bahwa program bantuan kuota internet tersebut untuk memfasilitasi pembelajaran daring guru dan siswa, khususnya di masa pandemi. â€œKebijakan bantuan kuota internet bagi guru, siswa, dosen, dan mahasiswa adalah upaya pemerintah dalam mewujudkan aspirasi masyarakat terkait tantangan pembelajaran jarak jauh di masa pandemi COVID-19â€, tutur Evy di Jakarta, hari ini. Baca selengkapnya di https://www.kemdikbud.go.id/main/blog/2020/09/perkembangan-input-data-bantuan-kuota-internet #merdekabelajar #belajardarirumah #bersamahadapikorona"
Kementerian Pendidikan dan Kebudayaan RI,Official Page,https://www.facebook.com/Official Page/posts/3202310426545042,Kouta internet gratis,2020-09-24 10:50:56 EDT,4.39E+02,3.50E+01,1.63E+02,7.00E+00,0.00E+00,0.00E+00,0.00E+00,0.00E+00,0.00E+00,7.00E+00,1.00E+00,0.00E+00,0.00E+00,0.00E+00,0.00E+00,0.00E+00,1.00E+00,0.00E+00,0.00E+00,Photo,8.25E+02,3.84E+00,"#SahabatDikbud , berdasarkan rapat kerja Mendikbud dengan Komisi X DPR RI di Jakarta, Kamis, 27 Agustus 2020, Kemendikbud telah menyiapkan anggaran Rp7,2 triliun untuk keperluan subsidi kuota internet dalam Pembelajaran Jarak Jauh (PJJ). Bagi pelajar dapat mengisi nomor ponsel pada laman Dapodik hingga 11 September 2020. Kemudian bagi mahasiswa dan dosen dapat memperbarui data ponsel pada Pangkalan Data Pendidikan Tinggi (PD Dikti) hingga 11 September 2020. Kuota internet akan dikirim ke nomor ponsel yang dimasukkan ke sistem Dapodik dan PD Dikti. #MerdekaBelajar #BangkitUntukIndonesiaMaju"
Kementerian Pendidikan dan Kebudayaan RI,Official Page,https://www.facebook.com/Official Page/posts/3381702601939156,belajar di rumah(program rumah belajar),2020-11-27 19:05:12 EST,9.00E+01,6.30E+01,8.00E+00,2.00E+00,0.00E+00,0.00E+00,0.00E+00,0.00E+00,1.00E+00,3.00E+00,6.70E-01,0.00E+00,0.00E+00,0.00E+00,0.00E+00,3.30E-01,1.00E+00,0.00E+00,0.00E+00,Photo,3.95E+02,3.79E+00,"#SahabatItjen . Kemendikbud akan memberikan kuota internet gratis kepada siswa sebesar 35GB per bulan dan guru 42GB per bulan. Adapun mahasiswa dan dosen masing-masing 50GB per bulan. Kuota internet ini akan diberikan selama 4 bulan mulai September hingga Desember 2020. . Subsidi kuota internet ini sebagai penunjsng kegiatan pembelajaran jarak jauh (PJJ). . Jadwal pendataan yang sebelumnya batas maksimal 31 Agustus 2020, kini diperpanjang hingga 11 September 2020. . Bagi para kepala satuan pendidikan, silahkan melakukan pendataan guru dan siswanya melalui aplikasi Dapodik."
Kementerian Pendidikan dan Kebudayaan RI,Official Page,https://www.facebook.com/Official Page/posts/3285249431584474,Kouta internet gratis,2020-10-22 23:30:37 EDT,3.29E+02,1.26E+02,3.60E+01,1.30E+01,0.00E+00,0.00E+00,0.00E+00,0.00E+00,0.00E+00,1.30E+01,1.00E+00,0.00E+00,0.00E+00,0.00E+00,0.00E+00,0.00E+00,1.00E+00,0.00E+00,0.00E+00,Link,9.27E+02,3.46E+00,"#SahabatDikbud, Mendikbud Nadiem Makarim @nadiemmakarim hadir dalam rapat kerja DPR RI Komisi X di Jakarta pada Kamis (27/08/2020). Raker tersebut memiliki tiga agenda, yaitu penyesuaian kebijakan pendidikan, inisiatif, dan solusi di masa pandemi Covid-19; subsidi kuota internet dan peningkatan jumlah penerima tunjangan profesi; dan laporan keuangan Kemendikbud tahun 2019. Baca selengkapnya di https://www.kemdikbud.go.id/main/blog/2020/08/komisi-x-dpr-ri-apresiasi-kemendikbud-atas-kebijakan-pembelajaran-dan-capaian-kemendikbud Sumber foto : @tasori123 #MerdekaBelajar #RakerDPRRI #RakerKemendikbud"
Kementerian Pendidikan dan Kebudayaan RI,Official Page,https://www.facebook.com/Official Page/posts/3191253704317381,Kouta internet gratis,2020-09-20 23:30:12 EDT,5.45E+02,1.02E+02,1.53E+02,9.00E+00,0.00E+00,0.00E+00,0.00E+00,0.00E+00,2.00E+00,1.10E+01,8.20E-01,0.00E+00,0.00E+00,0.00E+00,0.00E+00,1.80E-01,1.00E+00,0.00E+00,0.00E+00,Photo,6.88E+02,3.17E+00,Kerjasama Ditjen Dikti dan PT Telekomunikasi Seluler Untuk Penyediaan Paket Telekomunikasi Terjangkau Bagi Perguruan Tinggi Halo #InsanDikti Pandemi Covid-19 mengharuskan pembelajaran di Peguruan Tinggi beralih kearah daring. Kebutuhan kuota internet pun jadi melonjak. Untuk itu Ditjen Dikti bekerjasama dengan PT Telekomunikasi Seluler dalam penyediaan paket telekomunikasi yang terjangkau bagi Perguruan Tinggi. Dalam MoU Penyediaan Paket Telekomunikasi Terjangkau Bagi Perguruan Tinggi di Lingkungan Direktorat Jenderal Pendidikan Tinggi ini terdapat 3 poin penting. Diantaranya ; 1. Program kerjasama bertujuan agar kegiatan pembelajaran mahasiswa dan operasional perguruan tinggi dapat berjalan lancar di tengah pandemic COVID-19. 2. Fasilitas hanya berlaku bagi perguruan tinggi di Lingkungan Direktorat Jenderal Pendidikan Tinggi sesuai dengan ketentuan peraturan perundang- undangan. 3. Jangka waktu kerjasama terhitung sejak penandatanganan MoU sampai dengan tanggal 31 Agustus 2021. Kerjasama ini diharapkan mampu membantu meringankan beban biaya internet InsanDikti! #DitjenDikti #Kemendikbud #PendidikanTinggi #KampusMerdekaIndonesiaJaya #DiktiSIGAPMelayani
Inspektorat Jenderal Kemendikbud,Official Page,https://www.facebook.com/Official Page/posts/3287925444627407,Kouta internet gratis,2020-08-31 23:08:54 EDT,1.16E+02,3.50E+01,1.10E+02,2.00E+00,0.00E+00,0.00E+00,0.00E+00,0.00E+00,1.00E+00,3.00E+00,6.70E-01,0.00E+00,0.00E+00,0.00E+00,0.00E+00,3.30E-01,1.00E+00,0.00E+00,0.00E+00,Photo,5.60E+01,3.11E+00,"#SahabatDikbud, berprofesi sebagai guru dan memiliki akun di portal guru berbagi dengan SIMPKB/SIMPATIKA? Kemendikbud bekerja sama dengan Google akan memberikan kuota internet sebesar 30GB berlaku selama 3 bulan untuk menunjang proses #MengajarDariRumah kepada 10.000 guru terpilih yang telah membagikan artikel refleksi pembelajaran selama masa #BelajarDariRumah melalui portal #GuruBerbagi. Yuk, bagikan pengalaman dan praktik baik pembelajaran jarak jauh selama masa #BelajardariRumah! Jangan lupa catat batas akhir pengumpulan artikel tanggal 20 Mei 2020, ya #SahabatDikbud! Simak informasi selengkapnya pada gambar atau laman guruberbagi.kemdikbud.go.id ya, #SahabatDikbud! ğŸ˜Š #MerdekaBelajar #SaatnyaGuruBerbagi #GuruBerbagi #DariManaSaja #BersamaHadapiKorona"
Kementerian Pendidikan dan Kebudayaan RI,Official Page,https://www.facebook.com/Official Page/posts/3061221150653971,"Pembelajaran tatap muka untuk, zona hijau",2020-08-09 04:25:43 EDT,4.85E+02,8.00E+00,1.76E+02,1.80E+01,0.00E+00,0.00E+00,0.00E+00,0.00E+00,1.00E+00,1.90E+01,9.50E-01,0.00E+00,0.00E+00,0.00E+00,0.00E+00,5.00E-02,1.00E+00,0.00E+00,0.00E+00,Photo,1.08E+02,-3.03E+00,"Tahukah, #SahabatDikbud? Kemendikbud mengembangkan aplikasi pembelajaran jarak jauh berbasis portal dan android yaitu Rumah Belajar yang dapat diakses di belajar.kemdikbud.go.id . ğŸ¤— Kemendikbud juga didukung oleh mitra dari sektor swasta untuk menyelenggarakan sistem belajar secara daring. #SahabatDikbud dapat menggunakan setiap platform ini dan akan mendapatkan fasilitas yang bisa diakses secara umum dan gratis. ğŸ‘ğŸ˜Š 1. Akses Rumah Belajar: https://belajar.kemdikbud.go.id 2. Akses Google G Suite for Education: https://blog.google/outreach-initiatives/education/offline-access-covid19/ 3. Akses Kelas Pintar: https://kelaspintar.id:=:https://www.kelaspintar.id/ 4. Akses Microsoft Office 365: https://microsoft.com/id-id/education/products/office:=:https://www.microsoft.com/id-id/education/products/office 5. Akses Quipper School: https://www.quipper.com/id/school/teachers/ 6. Akses Sekolah Online Ruangguru Gratis: https://sekolahonline.ruangguru.com:=:https://www.ruangguru.com/sekolah-online 7. Akses gratis belajar online Sekolahmu: https://www.sekolah.mu/tanpabatas:=:https://info.sekolah.mu/tanpabatas/ 8. Akses Zenius: https://zenius.net/belajar-mandiri:=:https://www.zenius.net:443/ Tetap semangat belajar dan jaga kesehatan ya! ğŸ’ªğŸ˜Š #MerdekaBelajar #RumahBelajar #BelajarDaring"
Kementerian Pendidikan dan Kebudayaan RI,Official Page,https://www.facebook.com/Official Page/posts/3566323010143780,Belajar di rumah(program rumah belajar),2021-02-08 19:46:55 EST,1.34E+02,1.50E+01,8.00E+00,3.00E+00,0.00E+00,0.00E+00,0.00E+00,0.00E+00,0.00E+00,3.00E+00,1.00E+00,0.00E+00,0.00E+00,0.00E+00,0.00E+00,0.00E+00,1.00E+00,0.00E+00,0.00E+00,Photo,4.74E+03,2.12E+01,"Protokol Kesehatan Ketat untuk Sekolah Tatap Muka di Zona Hijau dan Kuning. #SahabatDikbud , Mendikbud menegaskan bahwa pada saat sekolah melakukan pembelajaran tatap muka, kondisi protokol kesehatan sangat ketat. Masing-masing rombongan belajar (rombel) hanya diperbolehkan maksimal 50% dari kapasitas. Berarti sekolah harus melakukan rotasi/shifting saat siswa mengikuti pembelajaran tatap muka. Sekolah juga tidak diperbolehkan membuka aktivitas kantin, kegiatan berkumpul, atau kegiatan ekstrakurikuler yang memiliki risiko interaksi antara masing-masing rombel. Siswa hanya diperbolehkan mengikuti kegiatan belajar mengajar, kemudian langsung pulang setelah sekolah selesai. Selama berada di sekolah, siswa harus memakai masker dan sekolah maupun siswa harus memenuhi berbagai macam persyaratan atau checklist yang sangat ketat. #SahabatDikbud dapat menyimak pesan Mendikbud selengkapnya pada video berikut ğŸ˜ŠğŸ™. #MerdekaBelajar #BersamaHadapiKorona #BelajardariRumah #SeruBelajarKebiasaanBaru #BangkituntukIndonesiaMaju"
Kementerian Pendidikan dan Kebudayaan RI,Official Page,https://www.facebook.com/Official Page/posts/3416221928487223,Pembagian akun pembelajaran,2020-12-11 06:39:01 EST,7.25E+02,5.40E+01,4.55E+02,1.60E+01,0.00E+00,0.00E+00,0.00E+00,0.00E+00,2.00E+00,1.80E+01,8.90E-01,0.00E+00,0.00E+00,0.00E+00,0.00E+00,1.10E-01,1.00E+00,0.00E+00,0.00E+00,Link,5.76E+02,2.33E+00,[PENGUMUMAN] Jadwal Acara Program Belajar dari Rumah di TVRI #SahabatDikbud dapat membaca selengkapnya di https://www.kemdikbud.go.id/main/blog/2020/04/jadwal-acara-program-belajar-dari-rumah-di-tvri #MerdekaBelajar #BelajardariRumah #BersamaHadapiKorona
Kementerian Pendidikan dan Kebudayaan RI,Official Page,https://www.facebook.com/Official Page/posts/3367149020061181,Belajar di rumah(program rumah belajar),2020-11-22 21:00:53 EST,2.07E+02,2.00E+00,3.70E+01,5.00E+00,0.00E+00,0.00E+00,0.00E+00,0.00E+00,0.00E+00,5.00E+00,1.00E+00,0.00E+00,0.00E+00,0.00E+00,0.00E+00,0.00E+00,1.00E+00,0.00E+00,0.00E+00,Photo,4.00E+03,1.64E+01,"Seru Belajar Kebiasaan Baru Bagi #SahabatDikbud yang berada di zona hijau, apakah sekolah kamu sudah siap menyelenggarakan pembelajaran dengan aturan kebiasaan baru? Yuk, simak video berikut! ğŸ˜Š #SeruBelajarKebiasaanBaru #SelamatKembaliKeSekolah #MerdekaBelajar"
Kementerian Pendidikan dan Kebudayaan RI,Official Page,https://www.facebook.com/Official Page/posts/3273217052787712,Belajar di rumah(program rumah belajar),2020-10-18 23:42:16 EDT,1.08E+02,6.00E+00,1.80E+01,6.00E+00,0.00E+00,0.00E+00,0.00E+00,0.00E+00,0.00E+00,6.00E+00,1.00E+00,0.00E+00,0.00E+00,0.00E+00,0.00E+00,0.00E+00,1.00E+00,0.00E+00,0.00E+00,Photo,3.80E+02,1.49E+01,"#SahabatDikbud, Kementerian Pendidikan dan Kebudayaan telah meluncurkan program #BelajardariRumah Program ini merupakan bentuk upaya Kemendikbud membantu terselenggaranya pendidikan bagi semua kalangan masyarakat di masa darurat pandemi virus korona (Covid-19). Program ini juga bentuk upaya Kemendikbud untuk terus memajukan kebudayaan Indonesia. Saksikan Program #BelajardariRumah mulai tayang *Senin, 13 April 2020, pukul 08.00-23.30 WIB hanya di TVRI.* Program #BelajardariRumah untuk pelajar semua jenjang, dari PAUD sampai SMA. Program ini juga akan menyajikan tayangan edukatif Pengasuhan dan Pendidikan Anak untuk Orang Tua dan Guru. Selain itu, masyarakat juga dapat menikmati tayangan kebudayaan dan film-film Indonesia terbaik. Tujuannya agar semua #BahagiadiRumah. Kita semua memiliki peran penting, mencegah penyebaran Covid-19. Caranya dengan tetap #BelajardariRumah, bekerja dari rumah, dan beribadah di rumah. Bersama program #BelajardariRumah kita semakin #BahagiadiRumah ditemani tayangan pembelajaran dan kebudayaan yang menarik dan bermanfaat. Tunggu jadwal tayang detailnya, #SahabatDikbud! Terima kasihğŸ™ #MerdekaBelajar #BelajardariRumah #BersamaHadapiKorona"
Kementerian Pendidikan dan Kebudayaan RI,Official Page,https://www.facebook.com/Official Page/posts/3134997026609716,Kebijakan pembelajaran daring,2020-09-02 08:50:39 EDT,3.82E+02,2.10E+01,2.90E+01,9.00E+00,0.00E+00,0.00E+00,0.00E+00,0.00E+00,0.00E+00,9.00E+00,1.00E+00,0.00E+00,0.00E+00,0.00E+00,0.00E+00,0.00E+00,1.00E+00,0.00E+00,0.00E+00,Photo,3.17E+03,1.41E+01,"#SahabatDikbud, proses Pelaksanaan Penerimaan Peserta Didik Baru (PPDB) tahun 2020 akan segera dimulai, artinya sistem pembelajaran akan segera masuk Tahun Ajaran baru 2020/2021. Namun, ditengah pandemi Corona Virus Disease 2019 (Covid-19) Plt. Direktur Jenderal Pendidikan Anak Usia Dini, Dasar, dan Menengah (Plt. Dirjen PAUD Dasmen) Kementerian Pendidikan dan Kebudayaan (Kemendikbud), Hamid Muhammad menegaskan bahwa ada perbedaan antara dimulainya Tahun Ajaran baru dengan tanggal dimulainya Kegiatan Belajar Mengajar (KBM) untuk tatap muka. â€œTanggal 13 Juli adalah tahun pelajaran baru, tetapi bukan berarti kegiatan belajar mengajar tatap muka. Metode belajar akan tergantung perkembangan kondisi daerah masing-masing,â€ jelas Hamid melalui melalui telekonferensi di Jakarta pada Kamis (28/5). Baca selengkapnya di https://www.kemdikbud.go.id/main/blog/2020/05/dimulainya-tahun-ajaran-baru-tidak-sama-dengan-pembukaan-sekolah #MerdekaBelajar #BersamaHadapiKorona"
Kementerian Pendidikan dan Kebudayaan RI,Official Page,https://www.facebook.com/Official Page/posts/2828345763941512,Kouta gratis,2020-05-13 02:00:01 EDT,2.53E+02,2.30E+01,1.08E+02,9.00E+00,0.00E+00,0.00E+00,0.00E+00,0.00E+00,2.00E+00,1.10E+01,8.20E-01,0.00E+00,0.00E+00,0.00E+00,0.00E+00,1.80E-01,1.00E+00,0.00E+00,0.00E+00,Photo,3.98E+03,1.39E+01,"#SahabatDikbud, saksikan peluncuran program Bantuan Subsidi Upah bagi Pendidik & Tenaga Kependidikan Non-PNS di Lingkungan Kemendikbud Tahun 2020, Selasa, 17 November 2020, pukul 13.30 WIB di kanal YouTube Kemendikbud RI! https://youtu.be/N-VjOuwruus:=:https://www.youtube.com/watch?v=N-VjOuwruus&feature=youtu.be #MerdekaBelajar"
Kementerian Pendidikan dan Kebudayaan RI,Official Page,https://www.facebook.com/Official Page/posts/3241058739336877,Asesmen nasional,2020-10-07 04:47:59 EDT,2.06E+02,2.00E+00,3.30E+01,5.00E+00,0.00E+00,0.00E+00,0.00E+00,0.00E+00,0.00E+00,5.00E+00,1.00E+00,0.00E+00,0.00E+00,0.00E+00,0.00E+00,0.00E+00,1.00E+00,0.00E+00,0.00E+00,Link,1.59E+03,1.19E+01,[Pengumuman] Bantuan Subsidi Upah bagi Pendidik dan Tenaga Kependidikan Non-PNS di Lingkungan Kemendikbud #SahabatDikbud dapat membaca selengkapnya di https://www.kemdikbud.go.id/main/blog/2020/11/bantuan-subsidi-upah-bagi-pendidik-dan-tenaga-kependidikan-nonpns-di-lingkungan-kemendikbud
Kementerian Pendidikan dan Kebudayaan RI,Official Page,https://www.facebook.com/Official Page/posts/3322375014538582,belajar di rumah(program rumah belajar),2020-11-05 17:28:45 EST,6.80E+01,1.00E+00,9.00E+00,2.00E+00,0.00E+00,0.00E+00,0.00E+00,0.00E+00,0.00E+00,2.00E+00,1.00E+00,0.00E+00,0.00E+00,0.00E+00,0.00E+00,0.00E+00,1.00E+00,0.00E+00,0.00E+00,Photo,1.56E+03,1.09E+01,"Selamat pagi, #SahabatDikbud. Sudah bersiap-siap untuk memulai aktivitas pagi ini? Yuk, simak jadwal tayang #BelajardariRumah untuk hari Selasa, 9 Februari 2021! Pagi ini akan ada siaran langsung Hari Pers Nasional di TVRI Nasional, jadi #BelajardariRumah akan bergeser waktu penayangannya setelah siaran langsung. Tetap semangat belajar, ya! #MerdekaBelajar #BersamaHadapiKorona"
Kementerian Pendidikan dan Kebudayaan RI,Official Page,https://www.facebook.com/Official Page/posts/3456661661109916,Belajar di rumah(program rumah belajar),2020-12-27 21:16:00 EST,2.17E+02,8.00E+00,2.30E+01,5.00E+00,0.00E+00,0.00E+00,0.00E+00,0.00E+00,1.00E+00,6.00E+00,8.30E-01,0.00E+00,0.00E+00,0.00E+00,0.00E+00,1.70E-01,1.00E+00,0.00E+00,0.00E+00,Photo,2.59E+02,1.91E+00,[Pengumuman] Panduan Pembelajaran Program Belajar dari Rumah di TVRI Minggu Keenam Tahun 2021 #SahabatDikbud dapat membaca selengkapnya di https://www.kemdikbud.go.id/main/blog/2021/02/panduan-pembelajaran-program-belajar-dari-rumah-di-tvri-minggu-keenam-tahun-2021 #MerdekaBelajar #BelajardariRumah #BersamaHadapiKorona
Direktorat Jenderal Pendidikan Tinggi,Official Page,https://www.facebook.com/Official Page/posts/195266512042875,Kampus merdeka,2020-10-19 08:19:44 EDT,2.30E+01,0.00E+00,6.00E+00,1.00E+00,0.00E+00,0.00E+00,0.00E+00,0.00E+00,0.00E+00,1.00E+00,1.00E+00,0.00E+00,0.00E+00,0.00E+00,0.00E+00,0.00E+00,1.00E+00,0.00E+00,0.00E+00,Photo,3.95E+02,1.79E+00,[Pengumuman] SE Mendikbud tentang Peniadaan UN 2021 #SahabatDikbud dapat membaca selengkapnya di https://www.kemdikbud.go.id/main/blog/2021/02/se-mendikbud-tentang-peniadaan-un-2021 #MerdekaBelajar #BersamaHadapiKorona
Inspektorat Jenderal Kemendikbud,Official Page,https://www.facebook.com/Official Page/posts/2871582639595025,Kebijakan pendidikan perguruan tinggi,2020-03-31 17:44:44 EDT,8.00E+01,2.00E+00,2.60E+01,3.00E+00,0.00E+00,0.00E+00,0.00E+00,0.00E+00,0.00E+00,3.00E+00,1.00E+00,0.00E+00,0.00E+00,0.00E+00,0.00E+00,0.00E+00,1.00E+00,0.00E+00,0.00E+00,Link,4.11E+02,1.45E+00,[Pengumuman] Panduan Pembelajaran Program Belajar dari Rumah di TVRI Minggu Kelima Tahun 2021 #SahabatDikbud dapat membaca selengkapnya di https://www.kemdikbud.go.id/main/blog/2021/01/panduan-pembelajaran-program-belajar-dari-rumah-di-tvri-minggu-kelima-tahun-2021 #MerdekaBelajar #BersamaHadapiKorona #BelajardariRumah