Page Name,Page category ,Link,Content,Post Created,Type,Likes,Comments,Shares,Love,Wow,Haha,Sad,Angry,Care,Total Non-Like,Love,Wow,Haha,Sad,Angry,Care,Positive,Neg2,Neg,Total Interactions,Overperforming Score,Message
Indozone.id,Portal Berita,https://www.facebook.com/Portal Berita/posts/680791972688234,UN 2020 ditiadakan,2020-03-24 01:56:30 EDT,Photo,1.18E+03,8.80E+01,6.05E+02,7.00E+00,5.00E+00,3.00E+00,4.00E+00,0.00E+00,0.00E+00,1.90E+01,3.70E-01,2.60E-01,1.60E-01,2.10E-01,0.00E+00,0.00E+00,3.70E-01,1.60E-01,6.30E-01,1.25E+03,5.14E+00,"Menteri Pendidikan dan Kebudayaan Republik Indonesia telah mengeluarkan surat edaran Nomor 1 Tahun 2021 tentang peniadaan ujian nasional dan ujian kesetaraan pelaksanaan ujian sekolah dalam masa darurat penyebaran corona virus disease (COVID-19). Surat itu ditandatangani oleh Mendikbud Nadiem Anwar Makarim pada 1 Februari 2021 di Jakarta. Dalam isi surat edaran itu disebutkan, berkenaan dengan penyebaran COVID-19 yang semakin meningkat, maka perlu dilakukan langkah responsif yang mengutamakan keselamatan dan kesehatan lahir dan batin peserta didik, pendidik, dan tenaga kependidikan. Dengan ditiadakannya UN dan ujian kesetaraan tahun 2021 sebagaimana dimaksud pada angka 1, maka UN dan ujian kesetaraan tidak menjadi syarat kelulusan atau seleksi masuk ke jenjang pendidikan yang lebih lebih tinggi. ""Sehubungan hal tersebut, bersamaan dengan itu Ujian Nasional dan ujian kesetaraan tahun 2021 ditiadakan,"" bunyi surat edaran tersebut. 1. Menyelesaikaan Program pembelajaran di masa pandemi COVID-19 yang dibuktikan dengan rapor tiap semester. 2. Memperoleh nilai sikap atau prilaku minimal baik. Baca selengkapnya di viva.co.id Sumber: @vivacoid ------------------ #NewsOne #UNDitiadakan #UN2021 #SyaratKelulusan #Mendikbud #NadiemMakarim"
Liputan6,Portal Berita,https://www.facebook.com/Portal Berita/posts/10159562415741435,UN 2021 ditiadakan,2021-02-04 03:20:07 EST,Photo,1.80E+03,1.08E+03,2.66E+02,1.90E+01,5.30E+01,2.66E+02,2.40E+01,1.50E+01,7.00E+00,3.84E+02,5.00E-02,1.40E-01,6.90E-01,6.00E-02,4.00E-02,2.00E-02,7.00E-02,7.30E-01,9.30E-01,1.20E+03,1.83E+01,"PGRI menilai, keputusan meniadakan UN 2021 merupakan keputusan tepat. Meski demikian, ada sejumlah catatan yang diberikan."
Liputan6,Portal Berita,https://www.facebook.com/Portal Berita/posts/10158611452591435,UN 2020 ditiadakan,2020-03-27 01:15:50 EDT,Photo,3.60E+02,2.20E+01,2.00E+00,2.00E+00,3.00E+00,0.00E+00,6.00E+00,0.00E+00,0.00E+00,1.10E+01,1.80E-01,2.70E-01,0.00E+00,5.50E-01,0.00E+00,0.00E+00,1.80E-01,0.00E+00,8.20E-01,2.72E+02,1.75E+00,"Sekolah online masih terus berlanjut, Mendikbud pastikan bantuan kuota akan tetap berlanjut di 2021"
Tirto.id,Portal Berita,https://www.facebook.com/Portal Berita/posts/2872137619778335,"Pelaksanaan kebijakan pendidikan covid tahun 2020(UN 2020 ditiadakan,proses belajar di rumah,ujian sekolah sebagai pengganti kelulusan,dana BOS)",2020-10-27 05:01:10 EDT,Photo,9.00E+01,6.00E+00,7.00E+00,0.00E+00,0.00E+00,3.00E+00,2.00E+00,0.00E+00,0.00E+00,5.00E+00,0.00E+00,0.00E+00,6.00E-01,4.00E-01,0.00E+00,0.00E+00,0.00E+00,6.00E-01,1.00E+00,3.42E+02,1.39E+00,KEBIJAKAN BARU KEMENDIKBUD Setelah meluncurkan Merdeka Belajar Episode 2: Kampus Merdeka/ Menteri Pendidikan dan Kebudayaan/ Nadiem Makarim meluncurkan episode terbaru kebijakan pendidikan Merdeka Belajar
Portal Berita,Portal Berita,https://www.facebook.com/284251334961090/posts/4091257030927149,UN 2021 ditiadakan,2021-02-04 22:37:53 EST,Photo,6.82E+02,3.20E+02,1.78E+02,7.00E+00,1.00E+01,3.20E+01,1.40E+01,3.00E+00,0.00E+00,6.60E+01,1.10E-01,1.50E-01,4.80E-01,2.10E-01,5.00E-02,0.00E+00,1.10E-01,5.30E-01,5.30E-01,1.25E+00,5.18E+00,Presiden Joko Widodo memutuskan meniadakan ujian nasional ( UN) untuk tahun 2020. Hal itu disampaikan Juru Bicara Presiden Fadjroel Rachman | #Nasional
Portal Berita.com,Portal Berita,https://www.facebook.com/357595679961/posts/10159225993594962,UN 2021 ditiadakan,2021-02-04 01:18:15 EST,Photo,1.70E+01,5.00E+00,5.00E+00,0.00E+00,0.00E+00,3.00E+00,0.00E+00,0.00E+00,0.00E+00,3.00E+00,0.00E+00,0.00E+00,1.00E+00,0.00E+00,0.00E+00,0.00E+00,0.00E+00,1.00E+00,1.00E+00,3.00E+01,-2.70E+00,"Gimana nih adik-adik happy atau sedih? . Pelaksanaan Ujian Nasional 2021 ditiadakan. Hal ini disampaikan Mendikbud Nadiem Anwar Makarim dalam surat edarannya. Surat edaran peniadaan UN 2021 derikut dengan petunjuk ujian, kelulusan hingga ketentuan penerimaan peserta didik baru (PPDB) Surat Edaran Mendikbud No 1/2021 tentang Peniadaan Ujian Nasional dan Ujian Kesetaraan serta Pelaksanaan Ujian Sekolah dalam Masa Darurat Penyebaran Covid-19 tertanggal 1 Februari 2021. . Surat tersebut menulis, berkenaan dengan penyebaran Covid-19 yang semakin meningkat maka perlu dilakukan langkah responsif yang mengutamakan keselamatan dan kesehatan lahir dan batin peserta didik, pendidik dan tenaga kependidikan. Sehubungan dengan hal tersebut, bersama ini disampaikan bahwa : 1. UN dan ujian kesetaraan tahun 2021 ditiadakan. 2. Dengan ditiadakannya UN dan ujian kesetaraan tahun 2021, maka UN dan ujian kesetaraan tidak menjadi syarat kelulusan atau seleksi masuk ke jenjang pendidikan yang lebih tinggi. 3. Peserta didik dinyatakan lulus dari satuan/program pendidikan setelah : a). Menyelesaikan program pembelajaran di masa pandemi Covid-19 yang dibuktikan dengan rapor tiap semester. b). Memperoleh nilai sikap/perilaku minimal baik c). mengikuti ujian yang diselenggarakan oleh satuan pendidikan. Klik Link di Bio untuk baca berita okezone.com selengkapnya #LengkapCepatBeritanya #BacaOkezonediRumahAja #Okezonecom"
Kompas.com,Portal Berita,https://www.facebook.com/17353926534/posts/10159385967411535,Belajar daring,2020-10-27 20:57:03 EDT,Photo,5.50E+01,5.70E+01,5.00E+00,0.00E+00,4.00E+00,5.00E+00,0.00E+00,0.00E+00,0.00E+00,9.00E+00,0.00E+00,4.40E-01,5.60E-01,0.00E+00,0.00E+00,0.00E+00,0.00E+00,5.60E-01,5.60E-01,1.26E+02,-1.74E+00,"Presiden Joko Widodo atau Jokowi memutuskan untuk meniadakan pelaksanaan Ujian Nasional (UN) 2020. Keputusan itu diambil Jokowi untuk mencegah penyebaran virus Corona (Covid-19). Setelah Ujian Nasional 2021 ditiadakan, bagaimana syarat atau penentuan kelulusan? Simak dalam Infografis berikut ini. Baca berita selengkapnya di www.liputan6.com:=:https://www.liputan6.com/ Grafis : ( Liputan6.com/ Trieyasni) #InfoGrafis #UN #PenghapusanUN #UjianNasional #Pelajar #Indonesia #COVID19 #VirusCorona #CoronaVirus #liputan6dotcom #Lip6EMS"
Portal Berita,Portal Berita,https://www.facebook.com/374777242078/posts/10160210497472079,UN 2021 ditadakan,2021-02-04 21:03:04 EST,Photo,2.36E+02,8.10E+01,5.90E+01,1.00E+00,0.00E+00,2.00E+00,1.00E+00,0.00E+00,0.00E+00,4.00E+00,2.50E-01,0.00E+00,5.00E-01,2.50E-01,0.00E+00,0.00E+00,2.50E-01,5.00E-01,5.00E-01,3.80E+02,2.51E+00,"Palembang Tutup Sekolah, Belajar Daring Lanjut hingga Akhir Tahun 2020"
Portal Berita,Portal Berita,https://www.facebook.com/374777242078/posts/10160213344847079,UN 2021 ditadakan,2021-02-05 15:51:43 EST,Photo,1.79E+02,9.00E+00,3.20E+01,0.00E+00,2.00E+00,5.00E+00,0.00E+00,1.00E+00,0.00E+00,8.00E+00,0.00E+00,2.50E-01,6.30E-01,0.00E+00,1.30E-01,0.00E+00,0.00E+00,7.50E-01,7.50E-01,2.28E+02,1.47E+00,#Terpopuler Pemerintah memutuskan UN 2021 ditiadakan. Bagaimana penentuan lulus setelah UN 2021 ditiadakan? #UN #UN2021
Portal Berita,Portal Berita,https://www.facebook.com/Portal Berita/posts/10160141077937079,"Pembelajaran tatap muka untuk, zona hijau",2021-01-20 02:04:35 EST,Link,1.88E+02,6.30E+01,1.30E+01,2.00E+00,0.00E+00,4.00E+00,1.00E+00,1.00E+00,0.00E+00,8.00E+00,2.50E-01,0.00E+00,5.00E-01,1.30E-01,1.30E-01,0.00E+00,2.50E-01,6.30E-01,7.50E-01,3.00E+00,-8.67E+00,"Mendikbud Nadiem Makarim mengatakan, ada 34.200 sekolah sudah menggelar pembelajaran tatap muka dan 186.552 sekolah masih menggelar belajar dari rumah. #Sekolah"
Liputan6,Portal Berita,https://www.facebook.com/Portal Berita/posts/10159562879116435,UN 2021 ditiadakan,2021-02-04 06:55:22 EST,Link,2.04E+02,6.70E+01,2.30E+01,0.00E+00,7.00E+00,1.00E+01,4.00E+00,0.00E+00,2.00E+00,2.30E+01,0.00E+00,3.00E-01,4.30E-01,1.70E-01,0.00E+00,9.00E-02,9.00E-02,4.30E-01,9.10E-01,8.95E+02,7.71E+00,"SE itu ditandatangani oleh Mendikbud Nadiem Makarim pada 1 Februari 2021. Pembuatan SE itu ditujukan kepada gubernur, bupati, dan wali kota."
Portal Berita.com,Portal Berita,https://www.facebook.com/Portal Berita/posts/10159228340119962,UN 2021 ditiadakan,2021-02-04 18:12:00 EST,Link,1.27E+02,2.20E+01,1.30E+01,0.00E+00,1.00E+00,1.00E+00,0.00E+00,0.00E+00,0.00E+00,2.00E+00,0.00E+00,5.00E-01,5.00E-01,0.00E+00,0.00E+00,0.00E+00,0.00E+00,5.00E-01,1.00E+00,1.26E+03,7.20E+00,Mendikbud Nadiem Makarim memutuskan Ujian Nasional (UN) 2021 ditiadakan. Sebab penyebaran virus COVID-19 di Indonesia meningkat. Ini kata Dispendik Surabaya.
Tempo Media,Portal Berita,https://www.facebook.com/Portal Berita/posts/10158470043963442,UN 2020 ditiadakan,2020-03-24 03:40:18 EDT,Link,1.95E+02,1.00E+01,2.40E+01,0.00E+00,0.00E+00,0.00E+00,0.00E+00,1.00E+00,0.00E+00,1.00E+00,0.00E+00,0.00E+00,0.00E+00,0.00E+00,1.00E+00,0.00E+00,0.00E+00,1.00E+00,1.00E+00,1.28E+03,5.48E+00,"Sebelumnya, Dimas Ibnu Alias terpaksa belajar sendirian di kelas karena tak punya ponsel untuk belajar online."
VIVA.co.id,Portal Berita,https://www.facebook.com/Portal Berita/posts/10163781599865179,UN 2020 ditiadakan,2020-03-23 19:40:03 EDT,Link,4.60E+02,5.50E+01,5.60E+02,1.00E+01,3.60E+01,8.00E+00,2.00E+00,0.00E+00,0.00E+00,5.60E+01,1.80E-01,6.40E-01,1.40E-01,4.00E-02,0.00E+00,0.00E+00,1.80E-01,1.40E-01,8.20E-01,1.23E+03,5.28E+00,Ditiadakan untuk tingkat SD hingga SMA.
Tribun Timur Berita Online Makassar,Portal Berita,https://www.facebook.com/Portal Berita/posts/10157603602894611,Penundaan masuk tatap muka,2020-06-03 09:37:40 EDT,Link,8.27E+03,6.81E+02,2.22E+03,1.38E+02,2.16E+02,2.90E+01,6.30E+01,9.00E+00,2.70E+01,4.82E+02,2.90E-01,4.50E-01,6.00E-02,1.30E-01,2.00E-02,6.00E-02,3.40E-01,8.00E-02,6.60E-01,5.00E+00,-4.00E+00,"WALAUPUN TAHUN AJARAN BARU MULAI BULAN DEPAN, TAPI BELUM KE SEKOLAH. INI PRAKIRAAN JADWAL TERBARU.
Kabar baik buat orangtua, jadwal masuk sekolah ditunda hingga awal 2021, masih belajar online."
MNCTV News,Portal Berita,https://www.facebook.com/Portal Berita/posts/3414588025245792,Perpanjangan belajar daring,2020-10-28 02:00:45 EDT,Link,1.83E+02,2.00E+00,2.00E+00,1.00E+00,0.00E+00,0.00E+00,5.00E+00,0.00E+00,0.00E+00,6.00E+00,1.70E-01,0.00E+00,0.00E+00,8.30E-01,0.00E+00,0.00E+00,1.70E-01,0.00E+00,8.30E-01,8.00E+01,-3.08E+00,HORE!!!! Presiden Joko Widodo secara resmi memutuskan untuk menghapus Ujian Nasional (UN) 2020. #KAMUHARUSTAU
Portal Berita.com,Portal Berita,https://www.facebook.com/Portal Berita/posts/10159226848139962,UN 2021 ditiadakan,2021-02-04 07:45:23 EST,Link,6.59E+02,3.73E+02,1.33E+02,7.00E+00,5.00E+00,1.40E+01,6.00E+00,1.00E+00,3.00E+00,3.60E+01,1.90E-01,1.40E-01,3.90E-01,1.70E-01,3.00E-02,8.00E-02,2.80E-01,4.20E-01,7.20E-01,1.64E+02,2.53E+00,"Pandemi Covid-19, Mendikbud Kembali Tiadakan Ujian Nasional 2021"
Kompas.com,Portal Berita,https://www.facebook.com/Portal Berita/posts/10159677598311535,UN 2021 ditiadakan,2021-02-04 22:08:03 EST,Link,5.10E+01,0.00E+00,3.00E+00,2.00E+00,0.00E+00,2.00E+00,0.00E+00,0.00E+00,0.00E+00,4.00E+00,5.00E-01,0.00E+00,5.00E-01,0.00E+00,0.00E+00,0.00E+00,5.00E-01,5.00E-01,5.00E-01,3.60E+02,2.45E+00,"Resmi, Presiden Jokowi memutuskan meniadakan Ujian Nasional (UN) 2020 karena wabah corona. #kumpmaranNews"
Portal Berita.com,Portal Berita,https://www.facebook.com/Portal Berita/posts/10159225993594962,UN 2021 ditiadakan,2021-02-04 01:18:15 EST,Link,1.70E+01,5.00E+00,6.00E+00,0.00E+00,0.00E+00,3.00E+00,0.00E+00,0.00E+00,0.00E+00,3.00E+00,0.00E+00,0.00E+00,1.00E+00,0.00E+00,0.00E+00,0.00E+00,0.00E+00,1.00E+00,1.00E+00,3.17E+02,2.11E+00,"Selain karena zona yang belum aman, belajar daring dilakukan untuk menjaga kesehatan semua pihak terutama siswa dan guru."
kumparan,Portal Berita,https://www.facebook.com/Portal Berita/posts/3048881008672580,UN 2020 ditiadakan,2020-03-24 01:40:05 EDT,Link,5.83E+02,2.90E+01,5.01E+02,1.00E+01,2.40E+01,4.00E+00,6.00E+00,0.00E+00,0.00E+00,4.40E+01,2.30E-01,5.50E-01,9.00E-02,1.40E-01,0.00E+00,0.00E+00,2.30E-01,9.00E-02,7.70E-01,5.24E+02,1.87E+00,Menteri Pendidikan dan Kebudayaan (Mendikbud) Nadiem Makarim meniadakan Ujian Nasional (UN) dan ujian kesetaraan pada 2021.
Okezone.com,Portal Berita,https://www.facebook.com/Portal Berita/posts/3809180249163998,UN 2021 ditiadakan,2021-02-04 08:00:50 EST,Link,4.54E+02,2.07E+02,1.40E+02,5.00E+00,2.20E+01,5.60E+01,7.00E+00,2.00E+00,2.00E+00,9.40E+01,5.00E-02,2.30E-01,6.00E-01,7.00E-02,2.00E-02,2.00E-02,7.00E-02,6.20E-01,9.30E-01,5.80E+01,-1.69E+00,Pemerintah memutuskan Ujian Nasional (UN) 2021 ditiadakan karena penyebaran COVID-19 yang semakin meningkat. Ini tanggapan PGRI Jatim?
Portal Berita,Portal Berita,https://www.facebook.com/Portal Berita/posts/10160213344847079,UN 2021 ditiadakan,2021-02-05 15:51:43 EST,Link,1.79E+02,9.00E+00,3.30E+01,0.00E+00,2.00E+00,5.00E+00,0.00E+00,1.00E+00,0.00E+00,8.00E+00,0.00E+00,2.50E-01,6.30E-01,0.00E+00,1.30E-01,0.00E+00,0.00E+00,7.50E-01,1.00E+00,1.60E+02,-1.52E+00,"Palembang Tutup Sekolah, Belajar Daring Lanjut hingga Akhir Tahun 2020"
Portal Berita,Portal Berita,https://www.facebook.com/Portal Berita/posts/4091257030927149,UN 2021 ditiadakan,2021-02-04 22:37:53 EST,Link,6.86E+02,3.20E+02,1.87E+02,7.00E+00,1.00E+01,3.20E+01,1.40E+01,3.00E+00,0.00E+00,6.60E+01,1.10E-01,1.50E-01,4.80E-01,2.10E-01,5.00E-02,0.00E+00,1.10E-01,5.30E-01,8.90E-01,2.29E+02,1.46E+00,"ALHAMDULILLAH! KOUTA GRATIS UNTUK BELAJAR DI RUMAH DARI KEMENDIKBUD CAIR HARI INI Kuota gratis dari Kementerian Pendidikan dan Kebudayaan (Kemendikbud) cari hari ini, Kamis (22/10/2020). Kota belajar, Kemdikbud, diperuntukkan bagi pelajar, mahasiswa, hingga guru di Indonesia. Besaran kuota yang diberikan Kemedikbud ini mulai dari 20 GB hingga 50 GB."
Liputan6,Portal Berita,https://www.facebook.com/Portal Berita/posts/10159565668851435,UN 2021 ditiadakan,2021-02-05 05:20:21 EST,Link,2.39E+02,8.40E+01,1.90E+01,4.00E+00,2.00E+00,9.00E+00,3.00E+00,0.00E+00,0.00E+00,1.80E+01,2.20E-01,1.10E-01,5.00E-01,1.70E-01,0.00E+00,0.00E+00,2.20E-01,5.00E-01,7.80E-01,2.60E+02,1.06E+00,#Terpopuler Pemerintah memutuskan UN 2021 ditiadakan. Bagaimana penentuan lulus setelah UN 2021 ditiadakan? #UN #UN2021
Tempo Media,Portal Berita,https://www.facebook.com/Portal Berita/posts/10158469186308442,UN 2020 ditiadakan,2020-03-23 21:29:04 EDT,Link,2.83E+02,1.30E+01,2.01E+02,1.00E+00,4.00E+00,0.00E+00,1.00E+00,0.00E+00,0.00E+00,6.00E+00,1.70E-01,6.70E-01,0.00E+00,1.70E-01,0.00E+00,0.00E+00,1.70E-01,0.00E+00,8.30E-01,2.51E+02,1.02E+00,"SAH! UJIAN NASIONAL 2021 DITIADAKAN Menteri Pendidikan dan Kebudayaan, Nadiem Makarim menyampaikan Ujian Nasional (UN) 2021 ditiadakan. Kebijakan tersebut tertuang dalam surat edaran Nomor 1 Tahun 2021 tentang peniadaan UN 2021. UN 2021 ditiadakan untuk mencegah penularan Covid-19."
VIVA.co.id,Portal Berita,https://www.facebook.com/278014150178/posts/10163781599865179,UN 2021 ditiadakan,2020-03-23 19:40:03 EDT,Link,4.57E+02,5.50E+01,5.58E+02,1.00E+01,3.50E+01,8.00E+00,2.00E+00,0.00E+00,0.00E+00,5.50E+01,1.80E-01,6.40E-01,1.50E-01,4.00E-02,0.00E+00,0.00E+00,1.80E-01,1.50E-01,1.50E-01,1.13E+00,1.65E+01,"UJIAN NASIONAL 2021 DIBATALKAN? INI SKEMA BARU YANG AKAN GANTIKAN UN Menteri Pendidikan dan Kebudayaan, Nadiem Makarim manyatakan Ujian Nasional (UN) 2021 ditiadakan."
Portal Berita,Portal Berita,https://www.facebook.com/374777242078/posts/10160207609862079,UN 2021 ditadakan,2021-02-04 01:46:50 EST,Link,6.08E+02,1.51E+02,2.27E+02,5.00E+00,6.00E+00,1.50E+01,0.00E+00,1.00E+00,0.00E+00,2.70E+01,1.90E-01,2.20E-01,5.60E-01,0.00E+00,4.00E-02,0.00E+00,1.90E-01,5.90E-01,5.90E-01,1.01E+00,6.58E+00,"ISI SURAT EDARAN MENDIKBUD SOAL PENIADAAN UN Setidaknya, ada delapan poin penting dalam SE tersebut, termasuk soal pengganti UN 2021 sebagai syarat kelulusan terbaru bagi siswa tingkat akhir."
Tempo Media,Portal Berita,https://www.facebook.com/160355148441/posts/10158470043963442,UN 2020 ditadakan,2020-03-24 03:40:18 EDT,Link,1.95E+02,1.00E+01,2.40E+01,0.00E+00,0.00E+00,0.00E+00,0.00E+00,1.00E+00,0.00E+00,1.00E+00,0.00E+00,0.00E+00,0.00E+00,0.00E+00,1.00E+00,0.00E+00,0.00E+00,1.00E+00,1.00E+00,2.30E+02,2.58E+00,"UJIAN NASIONAL 2020 RESMI DITIADAKAN “Dari rapat konsultasi via daring (online) antara anggota Komisi X dan Mendikbud Nadiem Makarim maka disiapkan berbagai opsi untuk menentukan metode kelulusan siswa salah satunya dengan nilai kumulatif dalam raport,” ujar Ketua Komisi X DPR RI Syaiful Huda dalam siaran pers yang diterima Kompas.com, Senin malam (23/3/2020)."
Liputan6,Portal Berita,https://www.facebook.com/36786411434/posts/10159565668851435,UN 2021 ditiadakan,2021-02-05 05:20:21 EST,Link,2.37E+02,8.40E+01,1.70E+01,4.00E+00,2.00E+00,9.00E+00,3.00E+00,0.00E+00,0.00E+00,1.80E+01,2.20E-01,1.10E-01,5.00E-01,1.70E-01,0.00E+00,0.00E+00,2.20E-01,5.00E-01,5.00E-01,3.56E+02,4.26E+00,"UJIAN NASIONAL 2021 DITIADAKAN, MENDIKBUD KELUARKAN SURAT EDARAN Ujian akan dilaksanakan dalam bentuk seperti Portofolio berupa evaluasi atas nilai rapor.."
Portal Berita.com,Portal Berita,https://www.facebook.com/357595679961/posts/10159226848139962,UN 2021 dItiadakan,2021-02-04 07:45:23 EST,Link,6.59E+02,3.72E+02,1.26E+02,7.00E+00,5.00E+00,1.40E+01,6.00E+00,1.00E+00,3.00E+00,3.60E+01,1.90E-01,1.40E-01,3.90E-01,1.70E-01,3.00E-02,8.00E-02,2.80E-01,4.20E-01,4.20E-01,1.19E+00,1.60E+01,"UJIAN NASIONAL 2020 RESMI DITIADAKAN “Dari rapat konsultasi via daring (online) antara anggota Komisi X dan Mendikbud Nadiem Makarim maka disiapkan berbagai opsi untuk menentukan metode kelulusan siswa salah satunya dengan nilai kumulatif dalam raport,” ujar Ketua Komisi X DPR RI Syaiful Huda dalam siaran pers yang diterima Kompas.com, Senin malam (23/3/2020)."
Liputan6,Portal Berita,https://www.facebook.com/36786411434/posts/10159562879116435,UN 2021 ditiadakan,2021-02-04 06:55:22 EST,Link,2.04E+02,6.70E+01,2.30E+01,0.00E+00,7.00E+00,1.00E+01,4.00E+00,0.00E+00,2.00E+00,2.30E+01,0.00E+00,3.00E-01,4.30E-01,1.70E-01,0.00E+00,9.00E-02,9.00E-02,4.30E-01,4.30E-01,3.17E+02,3.73E+00,Ujian Nasional (UN) 2021 resmi ditiadakan. Pemerintah pun telah mengeluarkan Surat Edaran yang ditandatangani Mendikbud Nadiem Makarim pada 1 Februari 2021.
Liputan6,Portal Berita,https://www.facebook.com/36786411434/posts/10159562415741435,UN 2021 ditiadakan,2021-02-04 03:20:07 EST,Link,1.79E+03,1.08E+03,2.56E+02,1.90E+01,5.30E+01,2.65E+02,2.40E+01,1.50E+01,7.00E+00,3.83E+02,5.00E-02,1.40E-01,6.90E-01,6.00E-02,4.00E-02,2.00E-02,7.00E-02,7.30E-01,7.30E-01,3.51E+00,3.96E+01,Sebuah riset mengungkap ada 69 juta siswa Indonesia yang menghadapi ancaman kehilangan akses pendidikan selama pandemi COVID-19. Problem klasik pun mencuat: kesenjangan digital rupanya masih lebar. #CatatanReporter https://tirto.id/f6nD:=:https://tirto.id/video-belajar-daring-terkendala-kesenjangan-digital-pusat-daerah-f6nD
Portal Berita,Portal Berita,https://www.facebook.com/374777242078/posts/10160141077937079,Tatap muka,2021-01-20 02:04:35 EST,Link,1.88E+02,6.30E+01,1.30E+01,2.00E+00,0.00E+00,4.00E+00,1.00E+00,1.00E+00,0.00E+00,8.00E+00,2.50E-01,0.00E+00,5.00E-01,1.30E-01,1.30E-01,0.00E+00,2.50E-01,6.30E-01,6.30E-01,2.72E+02,2.00E+00,Ujian Nasional (UN) dan ujian kesetaraan pada 2021 ditiadakan.
Tirto.id,Portal Berita,https://www.facebook.com/1515768312081946/posts/2872137619778335,Belajar daring,2020-10-27 05:01:10 EDT,Link,8.80E+01,6.00E+00,7.00E+00,0.00E+00,0.00E+00,3.00E+00,2.00E+00,0.00E+00,0.00E+00,5.00E+00,0.00E+00,0.00E+00,6.00E-01,4.00E-01,0.00E+00,0.00E+00,0.00E+00,6.00E-01,6.00E-01,1.06E+02,-2.15E+00,"Menteri Pendidikan dan Kebudayaan Republik Indonesia telah mengeluarkan surat edaran Nomor 1 Tahun 2021 tentang peniadaan ujian nasional dan ujian kesetaraan pelaksanaan ujian sekolah dalam masa darurat penyebaran corona virus disease (COVID-19). Surat itu ditandatangani oleh Mendikbud Nadiem Anwar Makarim pada 1 Februari 2021 di Jakarta. Dalam isi surat edaran itu disebutkan, berkenaan dengan penyebaran COVID-19 yang semakin meningkat, maka perlu dilakukan langkah responsif yang mengutamakan keselamatan dan kesehatan lahir dan batin peserta didik, pendidik, dan tenaga kependidikan. Dengan ditiadakannya UN dan ujian kesetaraan tahun 2021 sebagaimana dimaksud pada angka 1, maka UN dan ujian kesetaraan tidak menjadi syarat kelulusan atau seleksi masuk ke jenjang pendidikan yang lebih lebih tinggi. ""Sehubungan hal tersebut, bersamaan dengan itu Ujian Nasional dan ujian kesetaraan tahun 2021 ditiadakan,"" bunyi surat edaran tersebut. 1. Menyelesaikaan Program pembelajaran di masa pandemi COVID-19 yang dibuktikan dengan rapor tiap semester. 2. Memperoleh nilai sikap atau prilaku minimal baik. Baca selengkapnya di viva.co.id Sumber: @vivacoid ------------------ #NewsOne #UNDitiadakan #UN2021 #SyaratKelulusan #Mendikbud #NadiemMakarim"
Kompas.com,Portal Berita,https://www.facebook.com/17353926534/posts/10159643379056535,Belajar daring,2021-01-26 20:58:03 EST,Link,5.59E+02,3.28E+02,2.90E+01,1.10E+01,6.00E+00,7.90E+01,0.00E+00,4.00E+00,1.00E+00,1.01E+02,1.10E-01,6.00E-02,7.80E-01,0.00E+00,4.00E-02,1.00E-02,1.20E-01,8.20E-01,8.20E-01,1.02E+00,1.92E+01,"UJIAN NASIONAL 2021 DITIADAKAN, MENDIKBUD KELUARKAN SURAT EDARAN Ujian akan dilaksanakan dalam bentuk seperti Portofolio berupa evaluasi atas nilai rapor.."
Okezone.com,Portal Berita,https://www.facebook.com/221887531226639/posts/3809180249163998,UN 2021 ditadakan,2021-02-04 08:00:50 EST,Link,4.52E+02,2.05E+02,1.31E+02,5.00E+00,2.10E+01,5.50E+01,7.00E+00,2.00E+00,2.00E+00,9.20E+01,5.00E-02,2.30E-01,6.00E-01,8.00E-02,2.00E-02,2.00E-02,8.00E-02,6.20E-01,6.20E-01,8.80E+02,6.28E+00,Apa saja ketentuan atau syarat kelulusan pengganti UN 2021? Informasi lebih lengkapnya dapat disimak di infografik berikut ini...
Portal Berita,Portal Berita,https://www.facebook.com/374777242078/posts/10160223918762079,UN 2021 ditadakan,2021-02-08 19:10:37 EST,Link,2.10E+01,0.00E+00,1.00E+00,0.00E+00,0.00E+00,1.00E+00,0.00E+00,0.00E+00,0.00E+00,1.00E+00,0.00E+00,0.00E+00,1.00E+00,0.00E+00,0.00E+00,0.00E+00,0.00E+00,1.00E+00,1.00E+00,2.30E+01,-6.82E+00,Ujian Nasional (UN) dan ujian kesetaraan pada 2021 ditiadakan.
Portal Berita,Portal Berita,https://www.facebook.com/374777242078/posts/10160212568237079,UN 2021 ditadakan,2021-02-05 10:51:15 EST,Link,7.80E+01,1.40E+01,8.00E+00,0.00E+00,2.00E+00,4.00E+00,3.00E+00,0.00E+00,0.00E+00,9.00E+00,0.00E+00,2.20E-01,4.40E-01,3.30E-01,0.00E+00,0.00E+00,0.00E+00,4.40E-01,4.40E-01,1.09E+02,-1.46E+00,"Resmi, Presiden Jokowi memutuskan meniadakan Ujian Nasional (UN) 2020 karena wabah corona. #kumpmaranNews"
Kompas.com,Portal Berita,https://www.facebook.com/17353926534/posts/10159677598311535,UN 2021 ditadakan,2021-02-04 22:08:03 EST,Link,5.10E+01,0.00E+00,3.00E+00,2.00E+00,0.00E+00,2.00E+00,0.00E+00,0.00E+00,0.00E+00,4.00E+00,5.00E-01,0.00E+00,5.00E-01,0.00E+00,0.00E+00,0.00E+00,5.00E-01,5.00E-01,5.00E-01,5.80E+01,1.12E+00,"Mendikbud umumkan surat edaran peniadaan ujian nasional. Mengatur mekanisme apa saja pengganti ujian nasional, baik secara daring maupun luring."
Portal Berita,Portal Berita,https://www.facebook.com/374777242078/posts/10160210387732079,UN 2021 ditadakan,2021-02-04 20:29:31 EST,Link,1.11E+02,3.00E+00,6.00E+00,0.00E+00,0.00E+00,3.00E+00,0.00E+00,0.00E+00,0.00E+00,3.00E+00,0.00E+00,0.00E+00,1.00E+00,0.00E+00,0.00E+00,0.00E+00,0.00E+00,1.00E+00,1.00E+00,1.23E+02,-1.25E+00,"Pandemi Covid-19, Mendikbud Kembali Tiadakan Ujian Nasional 2021"
Portal Berita.com,Portal Berita,https://www.facebook.com/357595679961/posts/10159228340119962,UN 2021 ditadakan,2021-02-04 18:12:00 EST,Link,1.27E+02,2.20E+01,1.30E+01,0.00E+00,1.00E+00,1.00E+00,0.00E+00,0.00E+00,0.00E+00,2.00E+00,0.00E+00,5.00E-01,5.00E-01,0.00E+00,0.00E+00,0.00E+00,0.00E+00,5.00E-01,5.00E-01,1.64E+02,2.22E+00,"Presiden Joko Widodo atau Jokowi memutuskan untuk meniadakan pelaksanaan Ujian Nasional (UN) 2020. Keputusan itu diambil Jokowi untuk mencegah penyebaran virus Corona (Covid-19). Setelah Ujian Nasional 2020 ditiadakan, bagaimana syarat atau penentuan kelulusan? Simak dalam Infografis berikut ini. Baca berita selengkapnya di www.liputan6.com:=:https://www.liputan6.com/ Grafis : ( Liputan6.com/ Trieyasni) #InfoGrafis #UN #PenghapusanUN #UjianNasional #Pelajar #Indonesia #COVID19 #VirusCorona #CoronaVirus #liputan6dotcom #Lip6EMS"
Portal Berita,Portal Berita,https://www.facebook.com/374777242078/posts/10160208552387079,UN 2021 ditadakan,2021-02-04 09:36:59 EST,Link,1.50E+01,4.00E+00,0.00E+00,0.00E+00,2.00E+00,1.00E+00,0.00E+00,0.00E+00,0.00E+00,3.00E+00,0.00E+00,6.70E-01,3.30E-01,0.00E+00,0.00E+00,0.00E+00,0.00E+00,3.30E-01,3.30E-01,2.20E+01,-7.89E+00,Presiden Joko Widodo memutuskan meniadakan ujian nasional ( UN) untuk tahun 2020. Hal itu disampaikan Juru Bicara Presiden Fadjroel Rachman | #Nasional